"account_balance","duration","credit_history","purpose","amount","savings","install_percent","time_at_address","property","age","res_status","occupation","Type"
2,14,1,NA,893,1,2,3,1,29,2,3,1
2,5,1,1,1428,NA,3,3,2,32,2,1,1
4,21,3,1,3352,1,2,3,2,34,2,3,1
4,11,1,1,767,1,1,1,3,41,2,3,1
4,24,3,3,260,3,1,1,3,25,2,3,1
2,4,3,3,373,1,5,3,2,44,2,3,1
3,12,1,3,3016,1,3,1,3,24,2,2,1
1,14,3,4,1566,3,3,3,1,28,2,2,1
4,38,1,3,1156,2,3,1,1,37,2,2,1
4,36,1,NA,9055,3,2,3,4,35,3,2,1
2,6,3,1,932,3,1,2,2,39,2,3,1
2,20,1,NA,1050,2,3,3,3,41,2,2,1
4,10,1,3,4466,1,2,2,2,35,1,4,1
4,6,3,1,4492,1,4,1,4,25,1,3,1
3,15,1,NA,2192,3,4,2,3,57,2,3,1
4,12,1,2,2029,1,2,3,1,43,2,4,1
2,10,1,2,1424,1,4,1,2,24,2,3,1
1,7,3,1,2025,3,3,3,1,20,1,4,1
3,11,3,4,6440,1,2,3,3,22,2,2,1
4,27,1,4,5190,3,5,3,2,48,2,2,1
4,15,1,1,1300,3,4,3,4,45,3,2,1
4,33,2,4,2764,1,2,1,3,26,2,3,1
2,12,3,1,1804,2,3,3,2,44,2,NA,1
4,9,3,3,2813,1,5,2,4,24,2,3,1
2,35,3,3,1886,3,3,1,4,35,2,3,1
3,20,3,NA,1441,3,3,1,2,36,3,2,1
4,54,4,1,9436,3,2,1,2,39,2,4,1
2,24,3,2,4736,1,2,3,3,25,2,2,0
2,24,1,3,3758,2,1,3,4,23,1,3,1
4,13,3,1,2885,3,4,1,1,34,2,1,1
4,5,3,3,5781,2,3,1,3,63,2,2,1
2,12,1,2,951,NA,5,NA,3,27,1,2,0
4,10,1,3,3756,1,1,1,3,46,2,4,1
4,12,3,3,443,1,2,3,4,38,2,3,1
1,12,1,NA,3651,3,1,2,2,31,2,1,1
4,12,1,NA,1393,1,3,3,2,47,2,2,1
4,12,4,NA,2340,3,2,3,3,27,2,3,1
1,14,1,NA,3973,1,1,3,4,22,3,2,1
2,5,3,3,2939,1,4,1,4,37,2,3,1
2,21,1,3,853,3,2,2,4,22,2,4,1
2,12,3,4,1424,1,5,2,2,26,2,1,1
4,34,4,NA,4989,3,2,3,3,48,2,3,1
3,8,1,4,2083,1,4,2,1,68,2,3,1
3,8,1,NA,4740,1,3,1,3,31,1,4,1
1,21,3,3,3572,2,2,3,2,47,2,3,1
2,21,3,4,3652,1,2,2,2,27,2,3,1
3,18,1,3,2100,1,4,1,1,37,2,1,0
1,18,1,3,3190,1,2,1,1,24,2,NA,0
4,7,3,3,730,3,3,1,2,46,1,1,1
2,28,1,NA,3596,3,3,2,4,20,1,3,1
4,17,1,NA,3321,2,2,2,1,53,2,1,1
1,30,1,2,3108,1,2,3,2,31,2,2,0
2,9,4,1,5129,1,2,3,4,74,3,3,0
4,24,1,3,1394,3,4,3,1,32,2,3,1
1,14,3,3,2657,1,3,3,2,32,2,4,1
4,23,1,NA,1051,3,3,3,1,25,2,1,1
1,8,3,NA,731,1,6,3,1,47,2,4,1
2,21,3,1,6939,3,2,3,4,49,2,4,1
4,19,3,2,1716,1,3,1,4,27,2,3,1
2,16,2,2,2285,2,4,1,4,21,2,3,1
4,18,1,3,2383,1,3,1,2,28,3,4,1
4,5,1,3,4080,2,2,2,2,38,1,3,1
4,12,1,NA,1101,1,3,1,1,27,2,2,1
1,7,3,NA,2515,2,4,3,1,31,2,2,1
1,46,3,3,3593,2,2,2,4,30,2,4,1
4,18,1,4,1943,1,5,3,1,23,2,2,0
4,24,1,NA,1469,2,4,NA,1,41,1,1,1
1,5,1,3,1585,1,2,1,1,46,2,4,1
1,15,2,2,3643,1,1,3,2,27,2,2,1
4,18,3,1,3990,1,4,NA,3,21,2,4,1
4,35,3,3,4956,1,2,3,1,26,1,4,1
2,21,2,NA,2353,1,1,3,2,47,2,3,1
4,12,1,NA,1884,1,5,3,3,39,2,NA,1
2,12,1,4,639,1,4,1,3,30,2,3,0
2,18,1,3,3213,2,1,2,1,25,1,3,1
4,12,1,4,6497,3,2,3,2,33,2,3,1
4,9,2,3,579,1,3,1,2,30,1,1,1
1,18,1,NA,4165,1,2,1,4,36,2,1,1
1,20,1,1,5210,3,6,2,1,38,3,3,1
4,36,1,3,3595,1,5,1,3,28,2,3,1
2,5,2,1,2928,1,2,3,4,26,2,1,1
2,19,3,3,469,1,3,3,2,27,2,2,1
1,20,3,3,1112,1,2,3,2,39,2,2,1
4,19,1,4,1121,1,2,1,3,26,2,4,1
3,46,1,3,2582,3,2,1,2,39,2,3,1
3,57,1,NA,5897,3,3,3,2,26,3,3,1
3,10,4,1,3852,1,4,NA,3,36,2,2,1
2,17,1,3,5562,1,1,1,1,52,1,3,1
2,13,1,NA,3352,2,1,3,2,49,2,3,1
1,41,1,3,1152,2,2,3,3,24,3,3,1
1,22,3,3,571,1,5,3,1,27,2,3,1
3,10,1,2,3583,3,2,2,4,35,2,4,1
2,24,1,3,2896,2,2,1,3,29,2,3,1
2,13,1,1,303,1,1,1,1,45,1,2,1
4,36,1,4,5742,2,2,1,3,31,2,1,1
2,19,1,NA,4578,1,3,3,2,39,2,1,1
1,38,1,3,430,2,2,1,2,27,3,3,1
1,13,3,NA,4041,1,1,3,1,25,2,2,1
4,12,3,NA,2096,1,2,2,1,49,2,3,1
4,12,3,2,3612,2,1,1,3,26,2,2,1
4,24,1,1,937,1,3,2,3,27,2,3,1
4,7,3,4,1432,2,3,1,3,22,1,1,1
4,14,3,NA,1571,1,3,1,4,27,2,2,1
2,16,3,3,6174,2,2,3,2,42,2,2,1
2,18,1,4,2622,NA,4,3,3,34,2,4,1
2,5,1,3,1385,3,3,1,3,34,2,2,1
4,9,3,NA,1224,1,3,1,1,30,2,3,1
3,19,3,3,2373,3,3,3,3,36,2,3,1
4,16,3,NA,1490,1,2,3,3,37,2,4,1
4,24,3,4,6314,1,5,1,4,27,2,3,1
3,4,1,NA,529,1,3,3,1,20,2,3,1
4,22,1,1,8641,1,3,1,1,25,3,4,1
1,21,3,NA,395,3,5,2,3,37,3,4,1
2,21,2,3,4233,1,4,3,2,22,2,3,1
2,12,4,3,1404,1,2,1,3,27,1,4,1
2,13,3,3,463,3,2,NA,3,61,2,3,1
1,17,3,3,1796,1,1,1,3,20,2,NA,1
2,23,3,3,2598,2,5,2,3,25,2,4,1
4,35,1,1,439,3,4,2,1,34,2,2,1
4,19,1,NA,5168,3,2,2,3,53,1,1,1
4,24,2,4,2978,3,2,3,1,32,2,3,1
2,36,1,NA,3711,3,2,1,3,27,2,4,1
2,18,2,4,2427,3,3,1,2,42,2,2,1
4,32,3,2,885,2,3,1,3,30,1,4,1
1,8,1,4,2709,1,3,3,1,21,2,3,1
4,15,4,1,693,1,2,3,2,34,3,3,1
4,59,1,3,3394,2,4,2,3,25,2,3,1
2,38,3,1,3467,1,2,3,3,41,2,4,1
4,16,2,NA,1472,1,3,3,3,25,2,3,1
1,19,1,2,813,2,4,3,3,33,2,2,1
3,14,3,1,2061,1,4,1,3,44,2,2,1
4,15,1,1,3029,1,2,1,3,33,2,3,1
3,13,1,NA,3421,3,2,1,2,55,2,2,1
2,18,1,3,1113,1,3,3,1,26,2,2,1
4,9,1,3,464,NA,2,NA,1,41,2,4,1
4,21,1,3,3160,3,4,2,2,41,2,3,1
1,18,3,1,3337,3,3,NA,1,39,2,3,1
1,21,3,NA,1602,1,4,2,3,30,2,3,1
4,24,3,NA,2591,1,4,1,2,62,2,3,1
1,48,1,NA,6329,1,4,3,1,32,2,1,1
2,22,3,NA,2612,1,5,3,1,38,2,3,1
4,30,3,1,7596,3,1,3,3,63,2,2,1
4,48,4,4,3609,1,1,1,1,27,2,3,1
4,23,1,4,361,3,5,3,1,24,2,2,1
4,16,1,1,2020,2,5,3,2,24,2,3,1
2,34,4,2,2077,1,3,1,1,42,1,4,1
1,10,3,2,2132,3,2,2,1,27,1,4,1
1,24,1,4,1755,1,3,3,1,58,2,4,1
4,15,3,2,1928,3,2,1,3,32,2,2,1
4,36,3,1,5842,1,2,1,2,35,2,3,1
2,23,3,2,1883,3,3,3,3,42,3,2,1
1,56,1,1,1097,3,4,3,4,43,2,3,1
2,24,3,4,2825,3,5,2,4,34,2,2,1
4,15,3,4,2004,1,1,3,1,29,2,2,1
4,9,1,NA,3832,3,1,3,1,64,2,2,1
4,20,1,3,792,2,2,2,1,29,1,4,1
3,12,3,NA,939,NA,4,1,1,28,2,1,0
2,17,1,3,1274,1,3,3,4,50,2,3,1
3,13,3,2,3089,1,2,3,1,28,2,4,1
3,36,1,4,945,1,5,3,1,31,2,3,1
1,18,1,2,2473,1,4,1,3,25,2,1,0
3,23,1,NA,7877,2,2,3,3,32,2,4,1
1,12,1,2,1858,1,5,1,3,22,1,2,1
1,10,3,NA,1840,1,3,3,4,27,2,4,1
1,24,1,NA,4495,3,3,1,3,23,3,2,1
4,24,1,2,11385,1,5,1,2,37,1,3,1
1,12,1,1,902,1,5,3,2,21,1,2,0
1,30,1,2,3622,3,6,3,2,57,1,1,1
3,24,1,NA,947,1,4,2,4,38,3,1,0
2,35,1,3,2450,1,2,3,1,59,2,4,1
2,7,1,3,2673,2,4,1,2,28,2,2,1
4,5,1,1,1385,1,1,1,3,26,1,3,1
1,24,1,3,1475,1,5,NA,3,38,2,1,1
1,16,1,2,3009,1,4,1,2,26,2,NA,1
1,13,1,4,2942,1,1,1,4,40,1,3,1
4,11,1,NA,7189,1,1,3,3,45,2,3,1
4,24,1,1,6313,3,3,3,3,41,2,3,1
4,24,1,4,919,2,3,3,1,19,2,NA,1
1,46,1,3,3338,3,2,1,3,35,1,3,1
1,27,3,4,2442,1,3,3,3,43,2,2,1
2,9,1,NA,1565,1,5,3,1,21,2,3,1
3,16,2,NA,1514,1,5,3,3,64,2,2,1
4,12,3,3,1319,1,4,1,1,34,2,3,1
1,21,3,2,576,3,3,1,1,33,2,3,1
4,16,1,4,6929,1,2,1,4,24,1,2,1
2,17,1,4,1086,3,2,1,2,41,2,4,1
4,9,4,3,1725,2,5,2,2,27,2,3,1
2,12,1,NA,1318,3,4,3,1,54,2,3,1
3,19,1,4,3968,1,2,3,4,26,2,2,1
2,16,3,NA,763,2,3,3,2,27,2,4,1
2,9,1,NA,276,1,5,3,1,22,1,2,1
4,22,1,3,2743,1,5,3,3,38,2,3,1
2,60,1,NA,7408,2,6,1,2,24,2,2,0
2,18,3,4,1887,3,5,NA,1,28,2,4,1
1,28,1,4,1272,1,5,3,2,32,2,4,1
1,15,3,1,1865,3,2,3,4,19,2,4,1
4,32,4,1,783,2,1,1,3,30,2,3,1
2,36,1,1,6948,1,2,NA,3,35,1,2,1
2,13,1,NA,5107,3,2,2,1,31,2,3,1
4,12,1,2,1768,1,3,1,1,24,1,3,1
1,23,1,3,4183,3,3,3,4,26,2,3,1
4,36,1,3,1047,1,3,2,3,28,2,4,1
4,38,1,3,932,1,2,1,2,37,2,3,1
4,11,3,1,2768,2,4,1,3,37,2,3,1
3,20,1,4,1188,3,5,1,1,22,2,3,1
4,44,3,2,2468,1,1,3,3,25,1,4,1
3,24,1,2,3749,1,2,3,3,26,2,3,1
2,35,2,3,1825,1,3,2,1,45,2,4,1
4,22,1,3,6782,3,4,3,3,35,2,3,1
2,26,4,NA,3733,3,5,1,3,25,2,4,1
2,24,1,1,11560,1,1,3,3,23,1,2,0
2,15,3,4,2326,2,2,3,3,27,2,4,1
1,13,4,2,2842,1,3,1,4,33,2,2,1
3,10,1,3,2086,1,4,3,2,52,2,3,1
4,4,3,3,1586,1,3,3,3,40,3,2,1
4,12,1,NA,2855,3,4,1,3,53,1,4,1
4,12,1,3,886,3,3,1,3,21,2,3,1
4,21,2,2,1591,2,3,2,1,34,2,3,1
4,13,1,1,1412,1,4,3,1,24,2,2,1
4,36,2,1,8947,3,3,1,3,31,2,4,1
4,38,3,2,559,1,5,3,1,44,2,2,1
4,41,2,3,2437,1,4,3,3,43,2,4,1
1,12,4,3,626,1,6,3,1,24,2,3,0
4,8,4,4,4274,1,3,3,1,28,2,4,1
1,21,1,NA,4503,3,2,2,4,26,2,4,1
4,12,3,3,976,3,4,3,3,35,2,3,1
4,12,1,3,8474,1,2,3,1,23,2,2,1
4,15,1,2,666,3,5,1,3,38,2,3,1
3,18,1,2,3049,1,1,1,2,45,2,4,1
4,16,1,NA,1437,3,4,3,2,34,1,4,1
4,12,3,3,1240,3,3,1,1,38,2,4,1
1,36,3,2,6229,1,5,3,4,23,1,NA,0
4,31,2,NA,580,1,3,2,2,48,2,3,1
4,25,3,3,3726,2,5,3,2,40,2,2,1
4,18,1,3,1453,1,3,1,1,26,2,3,1
4,24,1,2,671,1,2,3,1,47,2,2,1
4,22,1,NA,2534,3,3,3,2,59,2,3,1
2,37,3,3,7509,1,5,1,2,24,1,3,1
4,15,3,3,2228,3,4,1,3,37,2,3,1
1,21,2,3,3061,1,2,3,1,68,2,3,1
2,24,1,NA,1201,1,4,1,2,26,2,2,1
4,10,1,NA,5840,3,6,NA,4,31,2,4,1
1,24,1,3,1282,2,5,1,3,32,2,2,0
2,48,4,4,18424,1,1,1,2,32,2,3,0
2,9,1,3,4360,3,4,2,1,36,1,4,1
1,60,1,4,7297,1,5,3,4,36,1,NA,0
2,25,1,2,7019,3,3,3,3,34,3,1,1
4,36,3,1,5711,3,4,1,3,38,2,4,1
4,24,1,3,5943,3,1,1,3,44,2,4,0
1,36,1,4,15857,1,2,2,3,43,2,3,1
4,36,1,NA,909,2,4,3,2,36,2,3,1
4,14,2,NA,802,1,3,1,3,27,2,3,1
1,6,3,4,1169,3,4,3,1,67,2,3,1
1,10,1,3,4824,1,4,2,3,44,3,4,1
4,28,1,3,5513,1,2,2,3,33,2,2,1
3,19,1,3,377,2,4,1,3,25,2,2,1
3,4,1,NA,1494,3,1,1,1,29,2,3,1
4,23,1,NA,2332,2,6,1,2,40,2,3,1
4,13,3,3,3624,3,5,1,1,25,2,2,1
4,13,1,3,271,1,3,3,4,28,2,4,1
1,11,3,4,4002,1,4,2,2,25,1,2,1
4,16,3,3,1853,3,3,1,2,19,2,3,1
4,24,1,3,3181,1,3,3,2,26,2,3,1
4,11,3,NA,297,3,3,3,1,24,2,2,1
3,38,1,3,2676,3,2,3,1,22,2,4,1
1,31,1,3,2956,3,3,3,2,63,2,2,1
2,17,4,3,1894,2,4,3,3,29,2,NA,1
1,18,3,3,1880,1,3,1,2,32,2,3,1
4,24,2,4,3863,1,1,1,4,32,3,4,1
2,9,1,3,1670,1,5,1,3,22,2,3,0
4,16,1,3,2229,3,2,1,4,25,1,3,1
1,18,3,4,1190,1,2,3,4,55,3,1,0
4,14,1,NA,2777,3,1,NA,1,20,1,4,1
1,24,3,1,6615,1,2,3,4,75,3,3,1
4,20,3,NA,673,1,4,3,2,31,2,3,1
4,15,2,3,1478,1,2,2,1,33,2,2,1
2,10,1,2,602,1,3,1,2,48,2,4,1
3,8,1,NA,5297,1,5,1,2,46,3,3,1
2,12,2,2,1448,1,3,3,3,50,2,2,1
4,18,2,4,2169,1,4,1,3,28,2,2,0
1,6,3,2,1872,1,4,3,4,36,3,2,1
4,10,1,NA,1364,1,2,3,3,64,2,4,1
1,35,1,3,1011,1,4,1,3,26,2,4,1
2,7,1,3,3848,3,2,2,1,42,2,3,1
2,22,2,4,2962,3,5,3,2,28,2,1,1
4,5,3,2,717,2,5,3,3,44,2,4,1
4,21,1,3,5618,2,2,1,3,24,2,4,1
4,16,3,2,2985,1,6,3,1,65,2,1,1
4,38,3,2,8154,3,6,3,2,27,2,2,1
2,48,4,4,3844,2,6,3,4,34,3,3,0
1,11,3,NA,2907,1,6,1,2,36,2,3,1
4,11,1,2,1157,3,4,1,3,47,3,4,1
3,13,1,3,644,1,4,1,4,27,2,2,1
4,18,1,NA,1562,3,2,2,2,29,2,1,1
2,9,1,2,2030,3,2,1,3,24,2,3,1
4,31,2,2,4792,1,2,2,3,43,2,4,1
4,9,1,4,1236,1,1,3,1,23,1,3,1
4,30,2,1,2234,2,2,3,3,26,2,1,1
4,24,3,3,2424,3,4,3,2,53,2,3,1
1,14,3,4,2313,1,2,3,1,31,2,3,1
4,6,1,4,1335,1,1,1,2,39,2,4,1
3,48,1,2,501,3,4,2,3,64,2,4,1
4,15,1,NA,4623,NA,3,1,2,40,2,3,0
4,15,2,3,692,1,2,1,2,24,2,3,1
1,10,1,3,6244,1,4,3,3,51,2,3,1
4,18,3,2,1645,1,1,1,1,32,2,2,1
2,39,3,NA,1589,1,3,3,1,29,2,4,1
4,12,3,3,930,3,4,3,1,65,2,4,1
2,7,2,3,883,1,2,1,2,49,2,2,1
2,6,1,3,753,1,2,2,1,64,2,1,1
4,15,1,NA,1231,2,3,1,3,25,2,2,1
4,18,1,2,1533,1,6,1,2,43,2,NA,0
1,7,3,NA,357,3,1,2,2,20,2,3,1
1,17,3,NA,1799,1,2,2,3,64,2,2,1
1,12,4,1,339,1,5,1,3,45,2,3,1
2,22,3,3,7010,2,2,3,2,22,2,2,1
4,35,1,NA,5184,1,4,2,2,24,1,2,1
4,48,1,4,3914,3,6,1,1,38,2,2,0
4,12,1,NA,719,1,5,3,3,41,2,2,0
4,24,3,3,1851,1,4,1,3,33,2,3,1
1,5,3,1,2746,2,2,NA,3,26,2,2,1
2,18,3,4,3590,1,3,2,3,40,2,2,1
1,23,1,NA,797,3,4,1,3,51,2,2,1
2,23,3,NA,1655,1,2,1,1,41,3,3,1
4,20,1,2,6823,1,3,2,1,39,2,2,1
4,22,3,2,1818,1,6,NA,3,40,1,4,1
1,11,2,3,7087,2,1,3,1,42,2,4,1
3,16,3,3,1740,3,4,1,3,67,1,3,1
2,24,3,3,1743,1,5,1,2,48,2,3,1
4,21,1,1,5248,3,1,2,3,26,2,3,1
2,20,3,NA,880,1,5,3,1,24,2,2,1
4,20,3,NA,4024,1,4,2,1,34,1,3,1
4,5,3,1,4099,1,4,3,1,22,1,3,1
1,37,3,3,281,3,2,3,3,33,2,NA,1
4,24,1,3,1278,1,3,1,1,36,2,3,1
1,12,3,3,385,1,2,2,1,58,2,4,1
1,39,3,NA,6822,1,5,1,3,25,3,4,1
1,33,1,NA,4495,2,1,3,3,35,2,3,1
1,12,1,3,1498,1,3,1,3,23,2,4,1
1,48,1,NA,3931,1,5,3,4,46,3,1,0
3,15,3,1,2360,NA,2,1,3,36,2,4,1
4,30,3,3,5954,1,3,1,3,38,2,2,1
2,18,1,NA,5866,2,2,1,3,30,2,1,1
4,16,3,NA,3334,3,5,1,2,27,2,3,1
1,36,1,3,2302,1,4,3,3,31,1,1,0
4,6,3,4,2992,3,2,3,1,50,1,1,1
4,6,2,4,1743,2,1,1,1,34,2,2,1
1,21,3,3,260,3,1,1,3,27,2,3,1
4,39,1,3,3778,1,3,3,1,37,2,4,1
2,60,2,3,9157,3,2,1,4,27,3,2,1
4,6,1,2,1543,3,3,1,1,33,2,4,1
1,20,1,2,5390,2,2,2,1,32,2,3,1
2,48,4,4,12204,3,2,1,3,48,2,4,1
4,22,3,3,1285,NA,2,3,2,36,2,3,1
2,11,1,3,1715,1,1,2,2,40,2,4,1
1,6,1,1,1352,2,1,1,2,23,1,3,1
4,10,3,NA,1231,1,5,3,1,32,2,3,1
1,14,1,NA,8978,1,1,3,2,45,2,1,0
2,20,4,4,688,1,1,3,3,20,2,2,1
1,15,1,NA,1403,1,2,3,3,28,1,4,1
1,56,1,2,775,1,1,3,4,42,2,3,1
2,56,3,3,1659,1,4,1,1,37,2,2,1
4,6,1,2,1766,1,1,1,2,21,1,2,1
1,36,1,NA,1037,1,5,1,2,33,1,3,1
2,21,1,4,1188,1,2,3,2,39,2,3,0
4,21,1,3,1050,3,5,1,3,37,2,4,1
4,24,1,3,332,1,2,1,1,22,1,3,1
4,17,4,4,268,1,2,1,1,34,2,4,1
2,15,1,4,1514,2,5,1,1,22,2,4,1
1,24,1,3,2384,1,5,3,1,64,1,NA,1
2,7,1,4,5906,3,2,1,3,41,1,3,1
4,5,3,3,1704,2,2,1,1,61,2,2,1
4,23,2,1,3678,3,4,3,1,39,2,4,1
4,34,1,4,919,1,5,3,3,61,2,4,1
2,48,4,4,6416,1,4,2,4,59,1,3,0
4,23,3,3,1311,2,2,3,2,25,2,2,1
3,6,3,NA,1343,1,1,3,1,46,2,2,1
2,18,3,NA,884,1,6,3,3,36,2,1,0
4,21,2,NA,4468,3,6,1,3,25,2,3,1
2,21,3,2,4258,1,2,2,1,69,2,4,1
4,10,1,1,895,1,3,3,3,34,2,4,1
1,19,1,4,1441,1,2,1,3,22,2,3,1
1,24,1,NA,4817,1,2,2,2,31,2,2,0
4,15,1,NA,5324,2,1,3,4,35,3,4,1
1,12,1,NA,684,1,4,3,3,40,1,1,0
2,31,3,3,3456,1,5,1,1,52,2,3,1
4,22,3,NA,975,3,2,1,2,33,2,3,1
4,9,2,NA,5957,2,2,3,2,37,2,4,1
4,36,1,NA,1819,1,6,3,4,37,3,2,0
2,23,1,1,7232,1,2,1,2,39,2,3,1
2,13,1,3,682,3,3,2,3,21,2,2,1
4,24,3,3,1516,3,5,1,1,43,2,2,1
4,6,1,4,1338,2,1,3,1,62,2,4,1
2,9,1,3,1206,1,4,3,1,25,2,3,1
4,18,1,3,2441,3,2,1,3,28,2,3,1
1,18,1,3,4329,3,1,NA,3,47,2,3,1
4,60,2,3,15653,1,2,3,3,21,2,2,1
1,13,1,1,4839,3,5,NA,1,45,1,3,1
1,18,1,1,7511,3,1,3,2,51,3,3,0
1,31,1,NA,4354,1,4,2,1,56,2,2,1
1,36,1,1,5493,1,2,3,4,42,3,4,1
4,9,3,4,1854,3,2,NA,4,27,1,2,1
2,7,3,4,4816,1,4,3,3,41,2,3,1
1,11,1,4,1800,1,3,1,3,38,2,3,1
4,18,2,4,1374,3,2,3,3,21,2,3,1
4,19,3,NA,736,1,6,1,1,28,2,4,1
4,23,1,3,3665,1,2,2,2,49,3,3,1
1,39,3,2,14179,3,4,3,2,30,2,4,1
2,23,1,4,599,1,3,3,1,29,3,2,1
3,12,1,NA,1330,1,3,1,1,26,2,3,1
4,46,1,1,8607,1,2,1,3,34,1,2,1
1,21,1,3,5500,3,2,1,3,27,2,2,1
4,9,3,4,1197,2,3,2,2,26,1,3,1
1,15,1,4,1275,3,5,1,3,24,1,3,0
3,10,1,3,4041,2,1,2,1,42,2,2,1
4,12,3,4,1412,1,4,1,1,29,2,3,1
4,36,1,3,2299,2,3,3,3,39,2,1,1
4,10,2,3,2291,1,1,1,3,27,2,4,1
2,17,3,3,3101,3,1,2,2,31,2,2,1
4,5,3,NA,2960,1,2,NA,3,57,1,3,1
4,6,1,4,5348,1,4,1,1,32,2,4,1
2,7,1,1,5061,1,6,1,1,27,2,3,1
4,36,1,NA,3079,3,4,3,1,36,2,3,1
1,10,2,2,890,1,1,1,1,32,2,1,1
2,46,1,2,786,1,2,3,2,32,1,2,1
4,27,3,3,415,NA,5,3,1,45,1,2,1
4,11,3,3,1838,1,4,NA,1,24,1,2,1
2,23,3,3,497,3,3,3,3,28,2,3,1
2,12,3,4,4089,1,2,3,1,37,3,3,1
3,20,3,2,6591,3,4,1,3,37,2,3,1
2,9,4,NA,1437,2,2,2,4,29,2,2,0
3,11,4,3,8621,1,4,1,4,29,2,4,1
2,11,4,4,2152,2,1,3,3,38,2,2,1
1,7,1,3,2186,2,4,1,3,42,2,2,1
2,48,1,3,3979,3,4,1,3,41,2,2,1
2,12,3,NA,3717,2,1,1,3,38,1,4,1
4,18,1,NA,683,3,2,2,4,33,2,1,1
2,9,1,3,2118,1,2,1,1,37,2,1,1
2,16,3,NA,1175,1,2,2,3,68,3,3,1
2,11,3,1,2971,3,2,1,1,53,2,4,1
4,12,1,4,7004,1,2,NA,3,55,1,3,1
1,6,1,NA,1374,3,3,2,2,75,2,1,1
4,24,1,NA,3757,1,3,3,4,62,3,4,1
2,13,3,NA,1232,2,3,2,1,21,2,1,1
1,23,1,1,288,1,4,2,2,41,1,2,1
4,7,1,1,7332,1,5,2,2,40,2,3,1
1,18,2,3,289,1,4,1,4,25,1,3,1
4,7,3,3,1090,2,2,1,3,63,2,3,1
4,8,1,3,2854,1,3,NA,1,35,2,2,1
4,39,1,1,386,1,1,1,2,25,2,4,1
4,30,3,3,6742,3,2,2,2,36,2,3,1
2,18,1,1,12976,1,3,3,4,38,3,2,0
1,24,4,2,2828,2,3,3,1,22,2,3,1
1,18,1,NA,1216,1,5,2,3,23,1,4,0
4,21,3,NA,12680,3,5,3,4,30,3,1,0
4,14,1,NA,5157,1,4,1,2,21,2,4,1
4,9,1,3,2792,3,5,NA,3,34,3,3,1
1,6,1,NA,592,2,3,2,1,43,2,1,1
4,12,2,1,5593,1,4,NA,2,25,3,2,1
4,15,3,NA,1366,3,3,1,3,27,2,3,1
4,24,3,2,3777,3,3,3,1,50,2,4,1
4,23,1,3,11148,1,2,2,1,27,2,4,1
1,6,3,NA,860,1,1,3,4,39,2,1,1
1,9,3,3,2629,1,4,1,3,31,2,2,1
4,19,3,4,1547,3,2,1,1,27,2,2,1
4,27,1,2,903,3,1,3,4,34,2,3,1
4,13,1,1,709,3,1,1,2,37,2,1,1
2,12,1,3,1534,1,1,1,1,23,1,NA,0
1,8,3,NA,10047,2,1,1,1,34,1,3,1
4,8,1,1,4616,3,3,3,3,25,1,2,1
4,23,1,3,2605,1,2,3,3,42,3,3,1
4,10,4,NA,2861,1,1,1,2,27,2,4,1
4,20,1,NA,4165,2,2,2,3,57,1,1,1
4,25,1,2,578,1,2,3,2,25,1,3,1
2,9,1,NA,1199,1,4,3,2,67,2,3,1
4,22,3,4,1625,1,1,3,2,25,1,2,1
4,23,4,1,3219,1,2,NA,1,67,2,4,1
1,15,1,NA,1721,1,2,2,1,36,2,3,1
4,10,1,NA,4103,1,4,3,1,27,2,2,1
4,38,1,NA,1564,1,2,3,3,30,1,3,1
2,12,3,1,3821,1,5,1,3,28,3,3,1
2,7,3,1,1929,1,3,1,3,39,2,3,1
4,9,1,NA,2507,2,2,3,4,51,3,2,1
4,21,1,3,3266,1,2,3,2,25,2,3,1
4,6,3,3,1237,2,1,1,2,27,2,3,1
1,4,1,2,1649,1,5,3,3,27,2,3,1
1,21,4,NA,1647,3,4,1,2,40,2,3,0
3,13,3,NA,639,1,2,3,1,25,1,2,1
4,18,3,4,4474,2,4,NA,3,26,2,2,1
2,18,1,3,866,1,4,1,1,25,2,3,1
4,19,2,3,2508,3,2,1,3,36,3,2,1
4,7,1,2,3098,NA,4,1,1,29,2,1,1
2,24,1,4,11328,1,2,2,3,29,2,2,0
4,17,1,NA,1002,1,2,3,3,32,1,3,1
1,19,3,2,6771,1,3,3,2,44,1,4,1
1,17,3,3,942,2,3,1,1,42,2,3,1
3,15,1,NA,1905,1,4,3,3,40,1,3,1
1,8,3,NA,6674,1,3,3,2,32,2,3,1
4,14,3,1,383,1,4,3,3,20,2,2,1
2,13,1,2,4451,1,2,3,1,30,2,2,1
1,12,2,NA,1344,1,3,1,1,43,2,3,1
3,33,3,3,1857,3,2,3,1,28,1,2,1
4,20,3,NA,352,1,5,3,4,41,2,3,1
4,46,1,3,9577,1,4,1,2,38,2,3,1
4,12,3,2,5801,3,2,3,2,49,1,3,1
2,12,1,4,1037,2,5,3,1,39,2,2,1
4,12,1,NA,7126,NA,3,1,4,32,2,3,1
2,23,1,3,2978,1,1,1,2,23,2,3,1
2,13,3,3,3572,2,3,1,3,39,2,4,1
2,17,3,4,561,3,1,1,4,40,2,3,1
1,17,3,1,376,3,5,1,1,34,2,2,1
4,10,1,NA,727,2,5,3,4,46,3,4,1
1,23,2,3,4009,1,5,1,1,42,2,2,1
1,48,1,NA,7476,1,4,1,4,50,3,2,1
4,22,3,3,1324,1,1,1,1,46,2,2,1
3,22,3,4,4614,2,2,1,2,35,2,3,1
2,15,3,4,819,1,3,2,1,20,2,3,1
4,12,3,4,1185,1,3,1,1,27,2,2,1
4,13,2,2,5882,NA,3,3,3,22,2,2,1
1,16,3,NA,1663,1,2,3,1,33,1,NA,1
1,19,1,2,8387,1,6,NA,4,33,3,3,1
4,19,2,NA,5914,1,2,3,3,27,3,3,1
4,10,4,NA,4090,2,2,1,2,31,2,4,1
1,12,1,2,1620,1,2,2,2,30,2,3,1
4,20,3,4,2403,3,4,1,2,32,1,3,1
2,4,1,NA,1472,1,5,1,3,19,2,2,1
2,18,3,NA,1460,3,3,3,3,37,2,1,1
4,10,3,3,1724,1,4,3,3,25,2,3,1
4,10,3,4,1391,3,3,1,2,33,2,NA,1
2,31,3,NA,272,2,1,3,3,27,2,2,1
4,10,1,3,1924,1,1,3,2,38,2,3,1
4,6,3,3,5409,2,4,NA,1,33,2,3,1
4,20,1,1,1762,1,3,3,1,28,2,3,1
1,10,3,2,1019,1,2,1,3,22,1,3,1
4,47,3,4,3859,1,4,3,3,45,2,4,1
2,12,1,NA,7472,3,1,1,1,24,1,2,1
1,20,2,1,4843,3,6,3,1,28,1,3,1
2,5,3,4,3291,1,2,1,4,47,2,3,1
1,23,2,2,951,1,3,1,1,25,3,3,1
4,13,3,3,3126,1,2,2,2,27,2,2,1
4,20,1,NA,8539,2,2,3,2,26,2,3,1
3,10,1,4,1225,1,2,1,3,37,2,4,1
4,11,1,NA,4273,2,4,1,3,19,2,3,1
4,12,3,3,1934,1,2,1,4,26,2,4,1
1,17,3,2,5723,1,5,NA,3,62,1,2,1
4,10,1,NA,651,1,5,1,4,25,2,4,1
2,15,1,1,4261,3,2,3,1,43,1,3,1
4,33,3,1,7253,1,3,1,3,35,2,2,1
4,24,1,3,3430,2,3,1,3,31,2,3,1
4,18,3,1,3850,1,3,1,3,27,2,3,1
2,59,1,NA,2799,3,4,3,2,65,2,3,1
4,11,3,4,6685,2,4,3,2,30,2,4,1
1,6,1,2,428,1,2,NA,2,49,2,2,1
4,15,1,3,3804,1,2,2,1,25,2,2,1
2,4,1,2,766,1,2,1,2,32,2,2,1
1,36,1,1,8335,3,3,3,4,47,3,1,0
4,21,3,1,6812,2,2,2,3,49,3,2,1
4,36,1,4,7409,3,4,1,2,37,2,2,1
4,18,3,4,6279,3,2,3,1,37,2,2,1
4,18,1,4,1568,2,5,3,2,24,1,3,1
4,23,1,NA,5813,1,1,2,4,31,2,3,1
4,5,3,2,3625,2,1,1,3,28,2,3,1
1,16,1,3,2913,1,5,2,2,26,2,4,1
1,12,1,2,652,1,3,NA,2,24,1,3,1
2,22,2,NA,6957,2,3,1,4,38,2,1,1
2,21,1,4,263,1,2,1,1,29,3,3,1
4,20,4,3,506,1,3,1,1,41,2,2,1
4,9,1,2,1980,1,2,1,3,19,1,3,0
2,72,1,3,5595,NA,2,1,3,24,2,3,0
1,6,1,NA,662,1,3,3,1,41,2,4,1
4,21,1,1,1475,2,2,2,4,47,2,3,1
2,6,2,NA,1209,1,6,3,2,47,2,1,0
2,12,1,NA,1295,1,3,1,3,25,1,2,0
4,5,1,3,403,3,4,3,1,46,3,3,1
2,36,3,2,7126,3,1,3,1,32,2,2,1
4,4,1,2,1875,1,5,1,1,22,2,2,1
4,8,3,NA,1637,3,5,2,4,20,2,2,1
1,13,3,2,1076,3,2,1,2,37,2,4,1
4,13,3,2,2840,1,3,3,3,20,2,2,1
2,12,3,NA,2366,NA,3,2,3,36,2,3,1
3,15,1,4,2687,1,2,NA,2,26,1,2,1
4,15,1,2,1795,1,6,1,1,21,2,2,1
3,24,1,2,1925,1,2,1,1,26,2,3,1
1,4,1,3,660,3,5,3,4,40,2,1,1
1,24,1,NA,1442,1,5,3,3,23,1,1,0
2,30,3,2,8386,1,2,1,2,49,2,1,0
1,37,1,1,6438,3,6,3,3,42,2,4,1
1,59,3,NA,766,1,4,3,4,41,2,1,1
1,20,3,2,8399,2,1,NA,4,25,2,4,1
4,23,2,3,1845,1,2,1,1,48,2,3,1
1,21,1,3,366,1,1,NA,1,27,3,2,1
4,36,3,NA,7855,1,6,1,1,25,2,3,0
4,5,3,1,1302,3,6,3,2,43,2,3,1
2,13,4,4,2630,1,3,3,3,28,2,1,1
2,11,3,NA,7553,2,4,1,1,25,2,1,1
4,12,2,1,1503,1,5,3,1,41,1,1,1
2,11,1,2,1577,3,4,1,1,20,2,3,1
3,30,1,4,2425,3,2,1,2,29,2,4,1
4,6,1,NA,672,1,1,3,1,54,2,2,1
4,17,1,3,5446,1,4,3,1,36,2,3,1
4,10,1,1,2848,NA,1,1,1,32,2,1,1
1,8,3,3,840,1,2,1,3,39,2,2,1
4,18,3,NA,1864,2,5,1,1,30,2,2,0
4,30,1,1,4811,3,2,3,2,24,1,4,1
1,24,3,3,1231,3,4,3,2,57,1,3,1
1,16,3,4,2762,1,5,3,4,27,1,3,1
4,24,1,1,7814,1,3,2,3,38,2,3,1
4,18,3,NA,1530,1,3,1,2,32,2,2,0
2,9,3,NA,1501,1,2,2,3,34,2,3,0
1,18,1,3,2600,1,4,3,4,65,3,2,0
2,4,1,3,690,3,2,3,2,39,2,3,1
1,14,1,NA,2201,3,3,3,3,26,3,4,1
2,12,1,3,831,1,4,1,3,56,2,3,1
4,4,3,3,3114,1,5,1,3,36,2,1,1
2,14,3,NA,1062,1,2,3,2,57,3,2,1
2,11,1,3,3587,2,3,3,2,23,1,3,1
4,35,2,NA,1409,1,6,1,1,42,1,NA,1
4,21,3,1,3275,1,1,3,3,36,2,1,1
4,7,1,3,1050,1,4,1,3,27,2,3,1
2,10,1,NA,1598,1,4,2,3,57,2,4,1
4,16,2,NA,1749,1,4,3,2,22,2,4,1
3,8,3,1,574,1,4,2,2,29,2,2,1
2,12,1,2,1922,1,6,NA,2,37,2,3,0
1,23,3,1,4297,1,5,3,1,36,2,3,1
4,19,1,NA,7574,2,3,3,3,38,2,3,1
3,18,4,3,1445,3,4,3,3,49,2,2,1
2,12,1,3,6468,3,2,1,4,52,2,3,0
1,7,3,3,2121,3,1,NA,1,31,3,1,1
4,21,1,4,1230,3,1,1,3,24,2,4,1
2,12,1,NA,685,1,2,2,3,25,2,1,0
2,13,3,NA,4970,1,1,3,3,31,2,2,1
4,9,1,4,5175,1,1,1,2,45,2,3,1
2,9,1,NA,3195,3,1,NA,1,33,2,2,1
4,5,3,3,1229,1,2,3,1,30,2,3,1
2,30,2,4,1026,1,1,3,2,34,2,4,1
2,18,1,1,1947,2,3,1,1,49,2,4,1
4,21,1,NA,2782,2,1,1,3,31,2,3,1
4,4,3,4,1660,1,3,NA,3,50,2,4,1
4,18,2,NA,733,1,4,3,2,62,2,3,1
2,57,3,3,3821,3,2,3,3,32,2,3,1
2,17,3,3,4483,NA,3,1,3,37,2,4,1
1,14,1,1,2021,1,4,2,4,63,2,1,1
1,24,1,2,3345,1,4,1,2,39,1,4,0
4,7,1,3,864,1,2,NA,1,32,2,4,1
2,6,1,3,1364,2,5,1,1,46,2,3,1
3,9,3,3,1082,1,4,2,2,19,2,2,1
4,36,3,3,9566,1,2,1,3,31,2,4,1
2,15,1,2,5246,1,2,1,3,22,2,2,1
4,24,1,1,7990,1,2,3,4,37,2,NA,1
4,15,4,3,1569,2,5,3,3,34,2,3,1
1,24,1,NA,1371,3,5,3,1,25,1,2,0
4,4,1,NA,919,2,2,3,4,33,3,4,1
2,42,1,4,2965,3,1,1,4,48,2,2,1
3,11,3,3,2333,2,4,3,2,29,2,2,1
3,24,3,1,3673,3,2,3,2,36,3,3,1
2,18,1,1,2779,1,1,2,3,21,1,3,1
4,30,2,4,4272,2,2,1,2,26,2,1,1
4,8,3,1,428,2,3,3,3,30,2,4,1
3,17,3,3,274,1,4,3,1,44,2,1,1
1,44,1,NA,5196,1,4,3,1,25,2,4,1
2,24,2,2,2333,3,4,1,2,29,2,4,1
4,8,1,3,8390,1,1,1,3,32,2,2,1
4,12,1,4,1638,1,3,1,3,27,2,4,1
4,15,1,1,4657,1,6,1,3,30,2,3,1
4,16,3,NA,3790,3,2,3,4,21,3,NA,1
2,12,3,1,2548,3,3,3,1,34,2,2,1
2,23,2,4,2349,3,3,1,1,19,1,4,1
1,45,4,4,11816,1,2,3,3,29,1,3,0
4,36,3,NA,6614,1,3,3,3,34,2,3,1
4,27,1,3,1035,2,2,1,3,29,2,2,1
4,24,1,3,3621,2,2,3,3,31,2,2,0
1,20,3,3,1935,1,1,1,1,24,2,4,1
4,31,1,3,964,1,2,3,2,29,1,3,1
4,13,1,3,1021,3,5,1,4,40,3,2,1
1,24,1,3,1823,1,5,1,3,30,2,2,0
1,16,1,3,2118,1,1,3,1,39,2,2,1
2,45,1,NA,2314,2,2,1,3,38,2,3,1
4,18,3,3,2404,1,2,1,3,26,2,3,1
4,4,1,3,531,1,2,3,3,52,2,4,1
2,10,1,3,1518,1,3,1,3,22,2,4,1
4,12,1,NA,1476,1,1,3,1,28,2,3,1
1,18,1,2,2659,3,6,1,3,28,2,3,1
4,9,3,2,2786,2,2,1,1,29,3,4,1
4,20,3,3,9160,1,2,3,4,28,2,3,1
4,15,1,1,6607,2,3,3,3,25,2,3,1
1,48,1,3,6999,1,1,1,1,34,2,1,0
4,18,3,NA,2775,1,2,1,2,31,2,3,0
2,18,1,4,1913,3,3,2,1,36,2,3,1
1,18,1,NA,750,1,6,NA,1,27,2,1,0
4,38,1,1,550,1,4,3,3,25,1,4,1
4,10,1,2,1107,1,1,NA,3,22,1,4,1
4,17,3,3,5363,3,1,2,2,42,2,3,1
1,14,1,3,4189,1,2,1,2,37,2,3,1
4,35,3,3,3623,3,5,1,3,25,2,3,1
2,35,1,4,1475,1,3,3,4,23,2,2,1
4,5,2,2,5310,1,2,3,1,36,2,3,1
1,47,1,NA,2376,1,1,NA,2,47,2,2,1
3,9,1,3,1126,2,2,3,1,49,2,3,1
4,12,1,3,3059,3,2,3,1,61,2,3,1
2,12,1,3,1092,1,4,3,1,49,2,3,1
2,37,1,2,401,1,6,1,3,35,2,3,1
4,7,1,1,1486,1,3,3,3,32,2,2,1
3,23,1,3,2238,3,3,1,4,22,3,2,1
4,19,4,3,515,2,1,NA,2,42,2,4,1
1,34,1,NA,857,3,2,3,1,33,2,2,1
3,21,2,3,2392,NA,4,1,1,46,2,3,1
2,48,1,4,5381,3,5,3,4,40,3,3,1
4,6,4,3,426,1,4,3,3,39,2,4,1
4,9,3,3,2332,1,2,3,3,61,3,3,1
4,12,1,NA,2859,3,5,3,4,38,2,NA,1
4,6,3,3,1382,1,1,1,3,28,2,2,1
2,21,1,4,2767,2,5,1,3,61,1,4,0
1,20,3,2,4272,1,1,3,2,24,2,3,1
4,21,2,1,2993,1,3,1,1,28,2,4,1
3,8,3,1,2974,3,2,1,4,48,2,3,1
1,10,2,NA,2890,1,3,3,2,32,2,3,1
4,17,1,4,10520,1,2,1,1,30,2,2,1
4,7,3,3,6074,1,2,3,1,31,2,4,1
4,16,1,4,724,3,2,1,3,30,2,3,1
4,15,1,3,4609,2,4,1,1,33,2,4,1
1,36,1,2,5179,1,5,1,2,29,2,1,0
1,6,3,NA,666,3,5,3,1,39,2,4,1
1,7,3,4,1883,1,4,NA,4,36,2,3,1
4,18,4,3,388,2,1,1,3,37,2,NA,1
4,20,1,NA,1036,1,4,1,1,30,2,4,1
4,21,1,2,2902,1,4,2,2,33,2,4,1
4,13,1,NA,9662,3,1,3,1,24,2,3,1
1,12,1,3,1107,1,2,1,1,20,1,2,1
4,15,3,2,2788,1,2,2,3,24,2,3,1
2,14,2,3,883,2,4,3,4,21,2,3,1
4,12,3,1,7159,1,5,3,1,37,2,2,1
4,20,2,2,6547,1,5,1,2,25,2,4,1
4,22,1,2,1349,3,5,2,3,26,1,2,1
1,16,2,2,2707,3,1,2,3,23,3,2,1
4,13,3,2,1077,1,2,1,1,35,2,4,1
2,32,1,2,1373,1,2,1,3,36,2,2,1
4,37,1,2,1260,1,4,1,3,52,2,2,1
4,18,1,2,2515,1,3,NA,1,43,2,3,1
3,22,1,4,2499,1,1,1,3,26,2,3,1
3,15,3,NA,1155,3,4,3,4,33,2,2,1
4,13,1,NA,1379,1,2,1,1,54,3,2,1
4,23,1,4,589,1,3,3,3,34,2,4,1
2,15,1,3,884,1,1,3,1,22,2,3,1
2,9,1,3,1789,2,5,1,1,20,2,3,1
4,4,3,3,341,1,4,3,1,51,1,2,1
4,24,3,1,3868,1,6,1,3,41,1,3,1
2,35,1,2,2112,3,1,3,2,25,2,3,1
4,24,1,3,1552,1,3,1,3,32,2,4,1
4,19,3,3,5320,1,2,1,4,28,2,2,1
4,5,3,NA,7118,NA,4,1,2,32,2,4,1
4,7,1,NA,5814,1,5,1,2,54,2,3,1
4,36,1,2,3349,1,5,1,3,28,2,2,0
2,11,1,2,1949,1,2,1,3,48,1,2,1
4,23,3,2,5435,1,3,1,3,20,2,3,1
2,7,2,NA,548,2,3,1,2,27,2,3,1
4,21,3,4,2125,3,2,NA,3,28,3,3,1
4,18,3,3,1098,1,4,3,3,65,2,2,1
1,18,2,NA,456,1,3,3,2,30,2,3,1
1,18,1,3,2389,1,5,1,3,27,2,3,1
1,17,1,NA,5654,1,3,3,1,59,2,2,1
2,46,1,2,395,3,2,3,3,35,1,3,1
4,16,3,1,2746,2,2,1,3,35,2,3,1
4,6,1,1,2279,3,4,3,3,35,2,4,1
4,6,3,3,1554,1,1,1,3,24,1,3,1
4,13,1,3,3470,3,1,1,4,21,3,3,1
4,23,1,NA,3688,3,3,1,3,25,1,3,1
4,21,1,3,1098,1,1,2,4,32,2,3,1
4,49,3,2,336,1,1,NA,3,43,1,3,1
4,15,3,2,2467,1,2,2,3,26,2,4,1
4,22,1,3,2602,1,3,3,1,62,1,4,1
1,12,3,3,893,3,5,2,4,23,2,2,1
4,11,1,3,3027,1,2,2,1,44,1,3,1
4,23,1,1,1426,1,1,3,2,28,1,3,1
1,24,1,3,1987,1,2,3,1,21,1,NA,0
2,6,4,NA,931,2,1,1,2,32,2,2,0
4,18,1,NA,1820,1,2,1,2,30,2,3,1
1,12,1,NA,1893,1,4,3,2,29,2,4,1
2,24,1,1,2760,3,4,3,4,36,3,3,1
4,46,1,NA,1033,1,5,1,1,21,2,2,1
2,39,1,3,1349,1,3,2,3,45,2,2,1
4,19,3,NA,653,3,1,1,1,57,2,1,1
4,22,1,1,1217,1,1,2,1,33,1,2,1
1,16,3,NA,2625,1,2,3,2,43,1,2,0
2,11,1,3,1334,1,2,3,4,38,1,4,1
4,12,1,3,300,1,4,3,1,30,1,3,1
4,12,3,3,2922,3,1,3,2,27,2,2,1
1,56,3,4,2341,1,4,3,2,51,2,1,1
1,36,3,2,749,1,4,2,1,56,2,2,1
2,38,1,NA,4388,1,1,NA,1,69,1,3,1
4,15,3,1,11623,1,2,3,2,37,2,3,1
2,24,1,1,12579,1,5,1,4,44,3,2,0
4,10,1,4,1282,3,1,3,3,59,2,1,1
4,48,3,NA,3301,1,1,2,3,34,2,3,1
2,12,1,2,467,3,5,2,2,28,2,3,1
3,48,1,NA,965,1,1,1,3,40,2,4,1
4,52,1,2,1375,3,2,3,1,19,2,1,1
4,36,2,4,7980,3,6,NA,3,27,1,1,0
2,6,3,1,2349,1,1,1,1,39,2,3,1
4,36,3,1,10477,3,2,3,4,42,3,3,1
3,49,1,2,3811,1,2,1,1,24,1,2,1
2,7,1,3,2329,1,1,NA,1,45,2,2,1
2,18,1,3,7179,1,2,3,3,27,2,3,1
1,6,1,4,343,1,4,1,1,27,2,4,1
4,12,3,4,996,3,4,NA,1,23,2,3,1
2,5,1,3,1207,1,2,3,3,26,2,4,1
2,41,3,4,2581,1,5,1,2,22,2,4,1
3,23,3,3,1653,1,3,NA,1,31,1,2,1
4,18,3,3,629,2,4,2,2,32,2,2,1
4,12,1,3,1963,1,4,1,3,31,1,3,1
4,5,3,3,841,3,3,3,3,36,2,3,1
4,36,2,2,7678,NA,2,3,3,40,2,2,1
2,20,2,1,7057,3,3,3,2,36,1,3,1
4,6,3,NA,250,3,2,1,1,41,2,2,1
2,9,1,1,8244,2,1,1,3,56,2,1,1
3,7,3,1,2122,2,4,1,4,23,2,1,1
4,20,1,1,476,2,3,2,1,28,2,2,1
2,12,4,2,2969,1,5,2,2,25,1,1,0
4,10,1,2,735,1,1,3,1,30,3,2,1
4,5,3,3,681,2,3,3,4,56,1,3,1
2,9,3,3,1154,1,2,3,1,37,2,4,1
2,23,2,3,11855,1,3,1,1,63,1,2,1
4,48,3,1,8858,3,2,1,4,35,3,3,1
1,12,3,NA,4843,1,3,3,2,43,1,2,0
3,21,1,4,4043,1,4,1,1,28,2,4,1
2,21,1,NA,11304,3,2,1,2,35,2,4,1
1,12,1,3,3218,3,5,3,3,32,2,3,1
3,19,2,NA,1240,2,1,1,1,53,2,3,1
4,21,4,NA,833,3,5,3,1,27,2,4,1
4,48,1,2,2662,1,2,3,4,24,2,3,1
4,6,1,3,2108,1,2,1,1,29,1,1,1
2,8,3,2,2285,2,2,3,3,61,2,3,1
4,6,1,2,2138,1,3,2,2,22,2,4,1
1,19,3,NA,2461,3,4,3,2,48,2,3,1
2,18,4,2,3244,1,1,3,3,33,2,3,1
2,24,4,NA,1837,1,5,3,4,34,3,3,0
4,18,1,2,2179,1,3,3,3,34,2,3,1
4,15,1,2,283,3,2,1,1,30,2,2,1
1,9,1,2,10628,1,3,3,1,47,1,2,1
4,18,3,3,1800,1,2,1,3,24,2,4,1
2,14,1,NA,1803,2,4,3,2,39,2,2,1
4,17,3,4,757,2,1,1,2,25,1,3,1
4,6,1,2,590,1,3,1,3,43,2,3,1
4,14,1,2,8701,2,2,1,4,21,2,2,1
4,19,1,3,3713,3,4,2,3,39,2,2,1
1,14,3,3,2798,1,2,3,2,34,2,3,1
2,11,1,2,8588,1,1,1,1,38,2,3,1
3,10,1,2,4471,1,1,3,3,36,2,3,1
4,20,1,3,10804,3,6,1,2,28,3,2,1
2,20,1,2,1153,1,3,1,1,47,2,2,1
4,4,3,NA,3380,1,1,1,1,37,2,3,1
1,23,1,3,5605,NA,4,1,1,49,1,3,1
2,13,3,2,2692,3,2,3,3,31,2,4,1
4,15,3,4,2309,3,3,1,2,19,3,2,1
4,23,1,4,560,3,6,2,3,28,2,2,1
2,18,1,3,908,1,3,1,3,55,3,2,1
2,39,1,2,1660,3,3,3,2,37,2,2,1
4,8,3,4,779,1,4,3,1,44,2,1,1
4,4,1,1,3475,1,4,3,1,32,2,3,1
1,12,4,NA,1082,1,4,3,3,48,2,1,0
4,20,1,3,2585,3,3,2,4,54,2,3,1
3,19,3,1,1124,3,2,3,2,60,2,3,1
2,17,3,2,332,1,5,NA,1,32,2,3,1
3,39,1,2,3084,1,1,3,3,53,1,4,1
2,10,4,3,1048,1,4,3,1,23,2,4,1
1,23,1,2,11246,1,3,NA,4,20,1,2,1
1,34,1,3,388,2,5,1,2,34,2,3,1
1,5,1,3,2739,3,3,3,3,58,2,4,1
4,17,1,4,3928,2,2,1,2,51,2,3,1
4,8,3,4,5740,1,3,2,3,33,2,4,1
1,18,3,3,1332,1,5,3,4,42,2,2,1
4,12,3,NA,2748,1,2,3,4,57,3,3,1
1,24,1,NA,2303,1,5,1,1,45,2,2,0
4,28,3,3,2743,1,4,1,3,29,2,4,1
4,9,1,4,2467,1,6,3,1,43,2,3,1
2,9,1,3,790,2,5,2,1,66,2,3,1
4,48,2,3,12749,2,3,1,3,37,2,3,1
4,16,1,NA,2617,1,4,NA,2,31,3,2,1
4,44,4,3,3612,3,3,1,1,24,2,2,1
4,19,1,2,1756,2,6,3,1,27,2,3,1
4,8,1,NA,742,1,3,2,2,36,2,4,1
4,18,3,NA,1055,1,4,1,2,30,2,4,1
4,17,3,NA,457,2,5,1,1,29,2,3,1
2,11,3,NA,1669,3,3,3,1,55,2,3,1
2,36,1,3,2671,2,5,3,4,50,3,2,0
4,15,1,2,2662,1,2,3,3,67,1,4,1
3,12,1,3,3399,3,2,2,3,37,2,2,1
1,17,2,3,681,1,1,3,1,35,2,2,1
4,4,2,NA,2430,3,3,3,1,27,2,4,1
4,36,2,3,4454,1,4,3,1,34,2,3,1
2,19,1,NA,2103,1,5,2,3,19,1,2,1
4,12,1,4,1542,1,2,3,3,36,2,4,1
2,45,3,3,4746,1,5,1,2,25,2,1,0
4,12,1,3,804,1,4,3,3,38,2,2,1
4,7,1,3,828,3,2,2,3,38,1,1,1
4,8,3,NA,987,3,5,1,3,34,1,3,1
2,17,1,1,1776,1,2,NA,3,63,1,3,1
4,23,1,4,3344,1,5,3,4,38,2,3,1
4,9,1,2,2608,1,6,1,2,28,2,4,1
4,9,1,3,393,1,1,1,4,30,2,2,1
4,18,3,2,3780,1,5,1,3,35,2,4,1
4,21,1,NA,1360,3,6,2,1,20,2,2,1
4,6,1,2,2555,1,2,3,1,29,2,4,1
1,16,1,3,8015,3,2,1,1,23,2,4,1
4,15,3,4,6453,1,3,3,1,31,2,2,1
2,60,1,NA,6288,1,6,3,4,42,3,3,0
4,20,3,1,3482,1,2,1,1,43,2,3,1
1,9,3,2,2957,2,4,3,4,41,2,NA,1
1,21,3,NA,1939,3,3,2,3,36,2,3,1
4,9,2,4,1614,2,4,1,3,20,2,3,1
4,8,3,4,1949,3,5,1,1,20,3,4,1
1,21,3,4,11526,1,2,3,4,31,2,1,1
4,23,1,3,264,2,2,3,2,36,2,3,1
1,24,4,4,1358,3,5,2,3,40,2,3,0
1,23,3,NA,1433,3,2,1,3,40,1,3,1
4,12,1,4,1076,1,2,1,1,26,2,4,1
1,10,1,4,3658,1,2,3,3,21,2,3,1
1,23,3,NA,2923,1,3,3,4,33,2,3,1
2,11,3,NA,2585,3,1,3,1,51,2,2,1
1,21,3,NA,571,1,5,3,1,65,2,4,1
1,18,3,NA,5302,1,2,3,4,36,3,4,1
4,15,3,2,1520,3,4,3,2,63,2,2,1
4,23,1,2,3026,1,2,1,2,21,2,2,1
4,18,3,NA,724,1,3,1,1,37,2,NA,1
4,10,3,2,13930,1,2,1,2,34,2,3,1
4,9,3,3,2315,2,2,1,3,35,2,3,1
2,12,1,3,625,1,4,1,1,26,2,3,1
1,32,1,1,1303,1,1,3,3,19,2,3,1
4,30,3,3,5771,1,4,1,3,25,2,2,1
4,21,1,1,2476,3,4,3,1,46,2,4,1
4,24,1,NA,11071,3,3,1,3,29,3,4,1
3,15,1,3,1880,1,5,1,2,37,2,3,1
2,29,3,1,4009,1,2,1,1,27,2,3,1
1,6,3,NA,3676,1,1,2,1,37,1,2,1
1,21,2,2,2005,1,6,1,2,43,2,3,1
3,31,1,NA,1425,1,5,1,1,41,2,4,1
4,10,1,NA,1407,1,4,3,1,37,2,3,1
4,21,3,2,717,1,1,1,3,62,1,4,1
2,18,3,2,2126,1,2,2,3,37,2,1,1
1,19,1,3,474,1,2,2,2,25,2,2,1
4,30,3,NA,1707,1,2,3,1,31,1,2,1
2,36,1,NA,3165,3,4,3,1,26,2,3,1
1,48,3,1,6143,1,4,3,4,58,3,2,0
1,12,1,2,1908,1,4,3,2,26,1,3,1
4,15,1,4,4255,1,4,3,3,31,2,3,1
4,13,3,3,1672,3,4,1,3,21,2,4,1
4,23,3,3,3299,3,3,1,2,24,2,4,1
4,12,1,NA,3363,1,4,1,1,47,2,4,1
1,12,3,NA,2171,1,3,NA,2,38,2,3,1
1,13,3,3,2160,1,2,3,3,41,2,4,1
4,17,1,2,1726,1,3,1,4,47,2,4,1
3,38,1,1,3019,2,2,3,2,20,2,4,1
4,12,2,3,4033,1,2,3,1,47,2,4,1
4,12,1,2,2831,1,3,1,1,53,2,3,1
4,34,3,3,6572,1,4,1,1,37,2,4,1
3,36,1,3,4210,1,5,1,3,26,2,1,0
4,4,3,NA,7595,2,5,2,2,27,2,4,1
1,9,1,3,1364,1,3,NA,1,59,2,4,1
3,4,4,1,4215,1,3,1,1,25,3,4,1
4,4,1,3,1484,1,4,3,2,26,1,3,1
3,9,4,3,6368,NA,2,1,3,41,2,3,1
4,37,1,2,2309,1,5,3,3,38,2,3,1
2,19,2,3,1848,1,4,NA,3,36,2,3,1
4,36,1,NA,890,3,2,3,1,33,3,3,1
4,60,1,3,10144,2,2,3,1,21,2,2,1
1,7,1,2,1571,1,2,3,1,37,2,4,1
2,9,3,3,4501,3,3,2,1,52,3,3,1
2,14,1,4,1410,NA,1,NA,1,35,2,3,1
1,17,3,4,2987,1,1,1,3,41,2,3,1
4,18,1,3,1505,1,6,1,4,32,3,3,1
4,38,1,3,637,1,3,NA,4,51,2,3,1
1,33,1,3,3707,3,3,3,4,21,1,3,1
2,6,3,NA,5196,3,2,1,2,39,2,1,1
4,12,3,2,3331,1,2,3,2,42,2,3,1
4,22,3,1,619,1,2,3,3,26,3,4,1
4,14,3,1,3618,1,5,2,1,25,2,3,1
4,13,1,3,435,3,2,2,3,33,2,3,1
2,14,1,NA,1197,1,1,3,2,33,3,3,1
2,21,1,1,909,3,2,3,3,21,2,3,1
4,10,1,NA,1287,3,4,NA,2,45,2,2,1
4,8,2,2,4032,1,4,2,3,37,2,3,1
4,15,3,2,2367,1,4,3,4,36,1,3,1
1,31,1,NA,559,1,2,3,3,25,2,2,1
4,6,3,NA,2080,2,1,1,3,24,2,3,1
1,48,1,1,4788,1,4,2,2,26,2,3,1
2,12,1,2,983,3,1,3,1,19,1,4,1
4,19,1,3,831,1,3,2,1,37,2,4,1
1,42,1,2,7882,1,2,3,2,45,3,2,1
4,19,2,NA,2040,1,3,1,3,24,2,2,1
2,12,1,3,1158,2,3,1,3,26,2,3,1
3,6,3,NA,1323,2,2,3,3,28,2,3,1
1,22,1,3,1515,3,1,2,3,34,2,3,1
2,23,3,1,2548,1,4,3,1,33,2,3,1
1,12,1,NA,1228,1,4,1,1,24,2,2,0
4,29,2,2,694,1,3,3,2,46,2,2,1
1,6,3,NA,1524,1,5,3,3,47,2,2,1
4,8,1,NA,1061,1,1,2,1,38,3,4,1
4,12,1,NA,1860,1,3,3,2,27,2,2,1
4,16,1,1,13866,1,4,NA,4,31,2,4,1
4,34,4,4,6527,1,3,3,2,26,2,4,1
1,11,3,2,645,2,2,1,4,43,3,4,1
4,18,1,3,6976,NA,5,1,3,28,2,4,1
2,12,1,3,2930,1,2,1,1,27,2,3,1
4,21,3,3,1668,3,2,3,4,30,2,2,1
1,12,4,3,6199,1,5,1,2,28,1,1,0
4,4,3,NA,1456,3,2,3,3,41,2,2,1
1,30,3,3,3947,1,3,1,2,46,2,3,1
4,9,3,4,3256,3,2,2,4,28,2,3,1
1,13,1,NA,2774,1,4,1,1,37,3,1,1
4,12,1,NA,3527,3,2,2,2,45,2,3,1
4,22,1,3,2675,2,3,3,3,40,2,3,1
4,22,3,3,1075,1,3,1,2,38,2,2,1
2,30,4,2,3496,3,4,1,3,34,2,2,1
2,48,2,4,6681,3,6,3,4,38,3,3,1
4,14,3,4,251,1,3,1,3,38,2,2,1
2,49,1,NA,898,3,6,3,2,45,1,1,1
4,20,3,NA,1796,3,3,3,3,45,2,3,1
4,42,3,1,1484,1,4,3,3,37,2,1,1
1,22,3,1,4005,1,2,3,1,36,2,3,1
1,21,1,3,3357,3,4,1,3,29,2,3,1
4,39,3,3,7722,1,1,1,1,45,2,2,1
4,6,1,3,1595,1,3,1,2,51,2,4,1
1,4,3,3,1511,1,4,2,3,31,1,4,1
4,4,3,3,1503,1,2,1,1,42,2,4,1
2,29,2,4,3166,1,3,NA,4,30,2,2,1
4,18,1,3,255,2,3,3,3,42,2,NA,1
4,15,3,4,2488,1,3,3,1,41,1,3,1
2,5,2,NA,923,1,4,3,2,35,2,NA,1
1,21,1,3,1835,1,3,1,1,25,2,3,0
1,21,1,3,2606,1,4,3,2,28,1,1,1
4,23,4,3,3096,1,2,3,4,30,2,3,1
4,7,1,3,269,1,2,3,1,49,2,4,1
1,18,1,3,3509,1,4,1,1,25,2,3,1
4,14,1,1,835,1,1,1,3,27,2,4,1
4,27,1,1,2252,3,4,3,3,41,1,2,1
1,24,3,NA,1199,1,4,3,3,60,2,2,0
4,22,3,NA,1948,3,2,3,2,32,2,1,1
1,10,3,3,1236,3,4,3,4,32,2,2,1
2,15,3,3,1537,3,5,3,1,50,2,4,1
4,21,1,NA,985,1,3,1,3,29,2,2,1
2,11,3,2,2147,1,2,1,2,29,3,3,1
1,32,3,3,6597,3,2,1,1,25,2,4,1
1,18,1,3,1345,1,6,2,1,26,2,3,0
1,13,3,4,469,NA,4,3,3,33,2,2,1
4,18,3,3,287,2,5,2,1,28,1,3,1
1,24,4,2,3552,1,3,3,3,27,2,4,0
4,18,1,NA,2085,3,5,1,3,39,2,3,1
2,12,1,1,2028,3,5,1,3,30,2,2,1
4,4,3,2,3882,1,4,1,3,38,2,3,1
4,6,1,3,1346,2,2,3,4,42,3,2,1
1,6,3,3,338,2,5,3,3,52,2,3,1
3,19,3,NA,2732,1,4,2,1,28,2,2,1
4,24,1,2,929,3,3,1,3,31,2,3,1
4,40,3,4,691,3,6,2,4,46,2,2,1
4,45,1,NA,2974,2,3,3,3,39,2,3,1
2,19,1,3,11485,2,2,3,2,31,2,2,1
4,9,1,3,2717,1,3,1,2,27,1,3,1
4,25,1,3,1623,2,1,3,1,30,2,3,1
4,30,3,3,2831,1,2,1,3,33,2,4,1
4,11,1,3,506,3,5,1,3,48,2,3,1
2,20,2,4,2629,1,2,2,3,29,2,1,1
4,24,1,3,2284,1,6,1,3,28,2,4,1
2,18,4,NA,2278,2,3,2,3,28,2,1,0
1,10,3,NA,1220,NA,1,2,3,33,2,4,1
4,22,3,3,5849,2,6,3,1,49,2,2,1
2,4,1,NA,2759,1,5,3,1,25,2,2,1
1,15,1,2,1845,1,6,1,2,46,1,2,1
4,35,3,4,2598,3,4,1,1,41,2,3,1
1,23,1,3,1009,1,2,1,1,60,1,3,1
4,23,3,NA,3982,1,2,NA,2,39,2,4,1
3,36,1,4,2915,1,1,3,1,22,2,4,1
3,12,4,4,609,1,4,1,1,26,2,2,0
2,21,3,4,2071,3,2,3,2,44,2,4,1
3,20,1,4,598,3,3,3,2,47,2,1,1
4,16,3,NA,5221,2,5,1,2,31,2,2,1
2,11,3,2,2734,1,5,3,3,46,1,3,1
2,4,1,3,2549,1,4,3,1,66,2,3,1
4,17,3,2,4968,1,1,3,4,31,2,4,1
1,18,1,NA,4380,2,6,3,3,35,2,4,1
4,35,1,3,1367,3,2,1,1,30,2,3,1
4,12,3,4,1264,3,5,3,4,57,1,3,1
1,18,4,2,3114,1,1,3,2,26,1,2,0
4,19,1,3,2385,1,2,3,3,44,2,1,1
1,35,1,4,2493,3,2,3,1,25,2,3,1
4,13,3,2,2251,1,2,1,3,22,2,3,1
4,22,1,NA,1078,1,3,3,2,27,3,3,1
1,11,1,2,1542,3,1,1,1,48,2,2,1
1,36,1,NA,9271,1,2,1,3,24,2,4,0
2,15,4,NA,1778,1,2,NA,1,26,1,2,0
2,16,1,NA,2278,3,4,3,3,30,1,3,1
3,16,2,3,2306,1,3,3,3,27,2,3,1
1,36,1,2,2712,1,2,1,2,41,2,2,0
4,36,1,4,1348,3,4,1,4,22,2,4,1
4,12,1,3,2279,3,3,3,4,37,3,2,1
3,8,1,NA,454,3,5,NA,1,43,2,4,1
1,36,3,2,2348,1,3,1,2,46,2,1,1
2,17,3,4,4097,3,3,1,1,29,1,4,1
3,22,1,NA,1469,3,3,3,3,41,2,2,1
1,10,1,3,2428,1,1,3,2,33,2,4,1
4,17,1,NA,2948,1,2,3,1,33,1,3,1
4,27,2,4,5117,1,3,3,3,26,2,1,1
2,24,1,2,4057,1,3,2,3,43,2,4,0
3,45,4,2,905,2,6,NA,3,24,2,3,1
4,46,1,1,7178,1,6,3,4,38,2,4,1
4,8,1,4,4814,2,4,1,1,19,2,3,1
4,15,3,3,1447,1,3,2,3,35,2,3,1
4,14,1,NA,778,2,2,1,3,53,2,3,1
4,24,3,1,6842,3,2,3,2,46,2,4,1
4,11,3,2,2888,1,3,3,1,63,2,1,1
4,7,3,3,1459,1,1,1,1,36,1,2,1
3,11,1,3,646,2,4,3,1,33,2,3,1
4,13,2,NA,5995,3,3,1,3,26,2,2,1
4,13,2,2,2224,3,3,1,3,37,2,4,1
2,7,1,3,2019,2,3,3,1,67,2,2,1
4,5,3,3,2197,2,6,3,1,24,1,4,1
1,12,1,3,701,1,5,1,1,40,2,2,1
4,22,4,3,1516,1,4,NA,2,30,2,4,1
2,19,3,NA,797,1,4,3,1,51,2,4,1
4,24,3,1,5804,3,4,1,1,27,2,4,1
4,24,3,3,2684,1,4,1,1,35,2,3,1
1,13,1,3,3711,1,3,1,3,37,2,3,1
2,14,3,2,1820,1,1,1,3,36,2,2,1
2,14,1,2,6656,1,6,2,3,59,1,3,1
4,10,3,NA,6705,3,6,1,4,35,1,3,1
4,9,1,3,2753,2,3,3,3,35,2,2,1
2,13,1,3,1822,NA,4,2,2,28,3,2,1
4,14,3,3,3332,2,5,3,1,37,2,2,1
4,22,3,4,697,1,6,2,4,28,2,3,1
1,22,1,NA,960,3,2,3,1,22,1,4,1
4,12,2,4,1555,3,5,3,4,55,3,3,0
3,51,3,2,2612,3,4,2,3,33,2,4,1
1,24,1,1,6579,1,3,1,4,29,3,4,1
4,15,3,3,5738,3,1,NA,3,19,1,2,1
2,17,1,4,2037,3,3,1,3,20,2,3,1
1,21,1,2,3599,1,1,NA,3,26,1,1,1
2,12,2,4,8010,3,3,2,4,24,3,4,1
4,11,1,3,10933,2,3,1,4,31,1,4,1
2,16,3,2,2302,1,2,2,3,30,2,3,1
4,31,1,4,5141,2,5,1,2,51,2,2,1
4,17,3,NA,3545,1,2,3,2,31,1,4,1
4,23,2,NA,5778,1,3,3,4,22,2,2,1
1,30,4,4,8072,3,2,2,3,25,2,3,1
2,27,2,1,5965,1,1,1,3,30,2,4,1
4,24,1,NA,1875,2,5,3,4,29,2,2,1
1,46,1,1,8733,1,4,2,3,19,2,2,1
4,9,3,3,3074,3,1,1,1,33,2,1,1
4,36,2,4,9572,1,1,1,3,28,2,1,0
4,24,3,NA,1940,3,4,3,1,60,2,3,1
3,17,1,3,2812,3,4,1,1,65,1,3,1
1,9,1,NA,2368,1,1,3,1,32,2,3,1
2,9,1,3,1082,1,3,3,3,27,2,2,1
2,38,3,2,1183,3,2,3,3,31,2,2,1
1,7,1,3,1047,3,4,3,1,73,2,2,1
1,10,1,3,2315,1,3,3,1,52,2,2,1
4,12,3,2,1935,1,6,3,1,43,2,3,1
4,15,4,1,8642,2,6,1,2,19,2,2,1
4,9,1,4,1449,1,3,1,3,27,2,NA,1
3,21,3,4,3931,1,1,1,4,41,2,3,1
4,8,1,2,4199,3,2,1,4,39,2,2,1
1,10,3,NA,2241,1,1,2,1,48,1,3,1
1,60,2,4,6836,1,3,3,4,63,2,3,0
4,10,1,NA,1597,NA,5,1,4,40,1,3,1
4,9,3,NA,936,2,4,1,3,52,2,4,1
1,12,1,3,2214,1,4,2,2,24,2,4,1
1,6,3,NA,609,1,5,2,2,37,2,2,1
4,17,1,NA,9463,1,4,3,4,29,2,1,1
3,22,1,NA,2399,NA,5,3,3,29,3,3,1
1,27,1,1,5492,2,4,3,1,27,2,2,1
3,5,1,2,256,1,5,3,4,37,2,2,1
4,11,1,4,2142,3,1,1,1,28,2,3,1
2,9,1,3,9933,1,4,3,1,26,2,3,1
4,18,1,2,3422,1,4,3,2,47,2,2,1
4,23,3,2,4467,1,1,1,1,48,2,3,1
4,6,3,3,11316,1,2,1,2,69,2,3,1
4,15,1,4,7534,1,3,3,2,37,2,2,1
1,56,1,1,2910,1,3,3,2,38,2,4,1
4,23,3,4,657,3,5,3,1,40,1,3,1
1,10,3,3,3324,3,2,3,3,26,3,3,1
4,6,1,3,2927,2,2,3,3,31,2,2,1
4,12,3,NA,1163,2,4,3,1,44,2,3,1
2,12,1,3,2822,3,2,1,2,25,3,3,1
4,42,1,3,7166,3,2,NA,2,29,1,4,1
4,5,1,3,371,1,4,3,2,55,3,3,1
1,24,1,NA,1285,3,6,3,4,32,1,1,0
4,15,1,3,6115,2,2,3,3,31,2,3,1
4,18,1,3,1473,1,3,3,1,39,2,1,1
1,24,3,1,2957,1,5,3,2,63,2,3,1
4,12,1,2,549,1,2,3,2,31,2,2,1
3,36,1,3,5848,1,3,1,3,24,2,2,1
2,21,1,4,6356,1,2,3,3,19,2,2,1
3,24,3,4,1275,3,2,NA,1,36,2,4,1
4,11,2,2,659,1,5,1,3,32,1,3,1
2,8,1,3,685,1,4,1,4,33,2,2,1
4,17,1,1,853,2,5,3,2,38,2,2,1
4,36,3,3,1559,3,4,1,2,36,2,3,1
4,17,1,NA,1197,1,3,1,1,25,2,1,1
4,11,4,NA,10201,1,3,1,1,47,1,2,1
2,27,1,4,3915,1,5,1,3,36,2,4,0
2,11,2,3,4771,1,2,3,2,51,2,2,1
2,48,2,4,7582,2,2,3,4,31,3,3,1
4,60,1,NA,6527,3,4,3,4,34,3,2,1
2,24,1,2,4351,3,1,3,2,48,2,3,1
1,12,1,2,3590,1,2,NA,2,29,2,4,1
4,14,2,NA,3695,1,3,NA,3,40,3,1,1
2,48,2,NA,6224,1,6,3,4,50,3,3,0
4,5,3,3,7887,1,3,1,4,31,2,2,1
1,20,3,NA,2235,1,4,1,2,33,1,3,0
4,15,3,3,1459,1,4,1,3,43,2,3,1
2,4,1,1,1818,2,6,1,3,42,2,3,1
4,39,3,3,2833,1,2,1,1,24,2,3,1
1,12,1,2,2578,1,3,3,4,55,3,2,1
4,23,1,NA,2684,2,3,3,2,31,2,3,1
2,10,3,2,3635,1,2,3,1,29,3,4,1
2,19,1,3,9012,1,3,3,3,34,2,4,1
1,13,3,2,652,3,5,3,1,22,2,3,1
4,13,1,1,1567,1,3,3,4,30,2,4,1
2,38,1,NA,1648,3,1,1,1,32,2,3,1
2,30,2,4,2503,2,3,1,2,41,2,2,1
2,48,4,NA,8358,2,1,1,3,30,2,2,1
2,21,3,1,420,3,1,1,1,54,2,2,1
1,24,3,1,1328,3,1,3,3,24,2,3,1
4,35,3,NA,4369,3,2,1,1,67,2,4,1
2,18,3,2,2588,1,2,3,2,28,2,2,1
1,24,4,2,2483,2,3,3,1,22,2,2,1
4,9,3,NA,2134,1,3,3,3,48,2,2,1
4,5,1,NA,1371,1,2,2,3,48,1,3,1
2,18,1,4,4439,1,1,1,1,33,2,3,1
4,12,1,3,1493,1,4,NA,3,34,2,2,1
4,17,2,3,730,1,5,1,3,56,1,4,1
2,24,1,1,4113,NA,3,3,3,28,1,3,0
4,8,2,1,2064,1,2,3,4,66,2,4,1
1,24,1,2,4169,1,3,3,2,28,2,3,1
4,12,1,3,3077,1,2,3,3,52,2,2,1
4,18,4,NA,6458,1,2,3,4,39,2,1,0
1,12,1,NA,795,1,6,3,2,53,2,NA,0
4,23,1,2,3136,1,3,1,4,26,2,4,1
4,16,1,1,818,1,3,1,3,44,2,2,1
4,20,3,NA,3521,1,2,3,3,37,2,2,1
4,19,3,NA,2238,1,3,1,3,37,2,3,1
2,36,1,2,9034,2,5,1,4,29,1,2,0
4,24,2,1,4679,1,4,2,3,35,2,2,1
2,24,2,2,1714,1,3,2,2,30,2,3,1
4,19,1,2,951,3,3,3,2,27,2,2,1
4,36,3,1,5073,2,2,1,4,46,1,2,1
4,17,1,2,788,3,4,3,1,41,2,4,1
2,17,4,NA,648,NA,1,3,4,28,3,3,1
1,44,1,NA,1028,2,1,3,3,40,2,4,1
4,35,1,3,600,1,5,1,3,56,2,NA,1
1,18,4,2,1553,1,5,2,3,44,2,2,0
1,10,1,3,1937,3,4,3,3,19,2,2,1
1,12,1,3,709,1,4,3,1,57,2,1,0
3,30,3,3,3017,1,6,3,2,47,2,3,1
4,24,3,4,4139,2,3,2,2,27,2,3,1
4,6,3,2,2450,1,3,3,1,68,2,3,1
4,15,1,NA,4452,3,3,1,3,20,2,3,1
2,30,1,3,2991,3,2,3,3,25,2,3,1
4,30,4,1,7485,3,6,1,1,53,2,2,0
3,10,3,NA,781,1,5,3,4,63,3,3,1
4,39,1,1,2569,2,5,3,3,24,2,4,1
2,17,1,1,1474,1,5,3,3,64,2,3,1
3,18,1,3,4267,1,4,1,4,64,2,2,1
4,18,2,3,2320,1,2,2,1,34,2,4,1
2,59,1,4,5453,3,2,1,4,29,2,3,1
2,7,1,3,2415,1,6,1,1,34,2,4,1
4,17,3,2,2296,1,2,1,3,41,2,4,1
2,22,1,NA,2798,3,3,3,2,32,2,2,1
2,33,1,2,5083,3,1,1,1,25,2,4,1
2,15,3,3,2728,3,3,1,1,35,2,2,1
4,15,3,1,3368,3,3,3,4,23,1,4,1
4,11,3,3,2911,1,3,3,1,60,2,2,1
4,6,1,NA,361,1,3,3,3,38,2,3,1
4,12,1,3,2141,2,3,1,4,35,2,2,1
4,12,1,3,1262,1,5,1,3,25,2,4,1
4,4,3,3,8404,1,3,3,2,28,1,2,1
1,20,3,3,2271,3,2,3,4,51,2,4,1
1,21,4,2,9435,1,2,3,1,24,2,2,1
3,41,1,3,384,1,2,2,1,36,2,1,1
1,12,3,2,2246,1,3,2,2,60,2,3,0
4,5,4,4,927,2,4,3,3,47,2,3,1
4,14,3,2,2451,3,5,1,1,33,2,4,1
4,20,1,3,1624,2,4,1,3,51,1,3,1
4,19,1,3,3174,3,3,1,3,30,2,2,1
1,12,1,2,2577,1,2,1,3,42,2,4,1
4,17,4,3,1535,3,2,3,3,53,2,4,1
2,18,1,NA,1042,3,4,1,2,33,2,1,0
4,9,1,3,2549,1,2,3,3,33,2,4,1
2,14,3,3,5904,1,2,1,3,50,2,3,1
2,9,3,2,3211,3,4,1,1,64,1,3,1
1,12,1,3,2164,1,1,3,3,24,1,4,1
2,11,3,3,2857,3,2,3,1,24,1,3,1
4,13,1,3,1079,1,3,3,2,30,1,1,1
2,10,1,3,6418,1,1,3,4,74,2,2,1
4,4,1,NA,1737,1,1,3,3,24,2,4,1
1,22,1,4,1853,3,1,3,2,42,3,3,1
4,13,1,2,4817,1,2,1,3,36,2,3,1
4,14,1,NA,8617,1,3,2,2,24,2,1,1
4,13,3,1,934,2,1,3,1,38,3,3,1
1,21,1,3,4868,3,1,3,1,28,3,3,1
4,10,1,NA,1526,1,4,1,2,25,2,3,1
4,32,2,2,678,1,3,2,3,26,2,2,1
4,4,3,3,1544,1,2,1,1,42,2,2,1
2,18,1,NA,1733,1,3,3,4,36,1,2,1
1,12,1,NA,900,3,5,1,3,23,2,2,0
4,9,1,2,2301,2,2,3,2,22,1,3,1
1,12,1,3,2519,1,2,1,2,19,2,2,1
2,30,1,3,1715,3,5,1,3,26,2,3,1
2,12,3,NA,5613,3,3,3,1,28,2,3,1
2,12,3,NA,3124,1,1,2,1,49,2,3,1
1,9,3,4,1288,2,3,NA,1,48,2,3,1
4,21,1,2,1843,2,3,3,1,56,2,2,1
4,24,3,2,5150,1,6,3,3,33,2,1,1
4,6,3,NA,6761,1,1,2,4,45,2,1,1
4,5,1,3,640,3,4,3,3,36,3,2,1
1,20,2,3,1656,2,3,3,1,35,1,3,1
2,9,1,1,1921,2,2,3,1,27,3,2,1
4,21,4,NA,5003,3,1,3,2,29,2,2,0
3,23,3,3,1500,3,5,1,4,32,2,2,1
2,12,1,3,1567,1,1,1,3,22,2,1,1
4,12,1,3,2714,1,1,3,2,37,2,2,1
2,4,1,NA,332,1,2,3,3,33,2,3,1
2,16,1,1,887,1,2,3,1,27,2,2,1
4,23,3,2,1601,3,4,1,2,23,2,4,1
2,24,3,NA,5743,1,2,3,4,24,3,2,1
1,18,1,3,1882,1,5,NA,3,25,1,2,0
1,30,3,1,5857,3,5,1,2,51,3,3,1
4,5,3,NA,2999,1,2,1,2,52,2,4,1
2,41,1,NA,9060,3,2,3,2,44,1,1,1
1,18,1,2,2039,1,1,3,1,20,1,1,0
2,12,1,NA,836,2,5,1,2,23,2,3,0
4,32,3,3,2676,3,3,1,1,38,2,2,1
4,20,1,3,3184,1,1,3,3,32,3,2,1
1,45,1,3,1845,1,5,NA,4,23,3,4,0
1,42,3,4,3394,1,3,3,3,65,2,4,1
3,12,3,NA,2708,1,3,1,2,24,1,3,1
2,24,3,1,1592,3,2,2,1,21,1,3,1
1,46,1,NA,1107,1,3,1,1,58,2,3,1
2,15,1,NA,2417,1,4,1,3,58,2,1,1
1,24,1,2,3234,1,6,3,1,23,1,3,0
4,35,3,2,3297,3,5,2,2,50,1,2,1
4,12,3,NA,3565,3,2,1,2,37,2,3,1
4,13,1,3,1409,2,2,3,1,64,2,3,1
1,34,1,3,1171,3,1,3,3,43,2,2,1
4,6,3,2,1221,3,1,1,2,27,2,4,1
2,21,3,2,3109,1,6,3,1,21,2,3,1
2,60,4,4,14782,2,3,3,4,60,3,3,0
2,12,1,3,1817,3,5,1,4,29,1,2,1
1,22,3,1,7779,1,3,1,1,27,2,4,1
4,9,1,NA,3585,2,3,1,2,27,2,2,1
2,26,1,1,7966,1,2,2,3,30,2,4,1
4,12,1,NA,1430,3,1,3,3,60,1,3,1
4,18,3,1,3229,3,2,3,4,38,2,3,1
4,15,1,3,5148,1,1,1,1,28,2,3,1
1,48,1,1,10297,1,4,3,4,39,3,1,0
2,12,2,3,7206,1,4,3,3,54,2,3,1
4,36,1,NA,5815,3,1,1,2,44,2,4,1
4,6,4,NA,1839,1,4,2,1,34,2,3,1
4,12,1,3,2073,2,6,1,1,28,2,4,1
4,40,1,3,2020,1,5,3,2,19,2,3,1
4,18,1,1,3378,3,2,1,2,31,2,4,1
4,12,3,NA,682,2,5,2,3,51,2,3,1
4,35,1,4,2220,1,3,NA,3,30,2,1,1
1,36,1,NA,1842,1,6,3,3,34,2,1,0
4,10,1,1,2901,3,1,3,1,31,1,2,1
4,6,2,2,8198,1,3,3,2,43,2,2,1
2,20,1,1,6468,3,1,3,1,60,2,4,1
4,8,1,3,5916,2,2,3,2,26,2,3,1
1,18,1,1,1633,3,2,1,1,28,2,4,1
1,10,1,3,2585,1,4,2,1,28,2,4,1
1,12,4,NA,697,1,6,1,3,46,2,4,0
4,21,3,2,2992,1,2,3,3,62,1,3,1
2,32,3,NA,6754,2,1,3,1,20,1,4,1
4,10,1,4,12421,1,4,1,3,35,2,3,1
4,10,3,NA,2080,1,5,3,3,32,2,1,1
3,16,1,1,3728,1,3,3,3,41,2,3,1
4,4,1,4,2295,1,5,1,4,37,2,3,1
4,35,3,3,1346,3,3,1,1,36,1,4,1
4,36,1,2,1442,1,1,3,1,25,2,3,1
4,39,1,NA,2294,2,2,3,3,27,2,1,1
4,24,2,4,2375,2,5,1,3,44,2,1,1
4,21,3,3,3710,3,1,3,3,39,1,4,1
4,7,2,3,846,3,3,3,4,36,3,3,1
4,18,3,1,1871,3,5,2,3,26,2,2,1
4,15,1,2,2221,2,2,3,3,20,1,4,1
1,9,1,3,1366,1,3,3,2,22,1,2,0
4,24,1,2,5511,2,3,1,3,25,2,3,1
4,21,1,NA,1317,2,3,2,4,64,2,4,1
4,7,1,2,2514,3,2,3,3,52,2,4,1
1,13,1,3,2849,1,3,2,1,27,1,3,1
1,14,1,4,2606,3,5,1,1,37,2,4,1
1,11,1,NA,821,1,3,3,1,22,3,3,1
4,5,1,2,2747,1,2,2,2,36,2,3,1
3,10,1,2,983,1,2,3,1,41,2,4,1
1,37,1,3,2862,1,4,3,3,20,2,3,1
2,5,1,NA,10131,1,5,1,1,38,2,2,1
4,48,3,4,7629,3,5,1,3,46,2,2,1
1,20,1,2,2212,3,5,3,3,39,2,3,1
2,13,3,3,338,3,3,1,3,22,2,3,1
1,20,3,3,2076,1,4,1,3,45,2,3,1
1,24,1,1,2964,3,3,3,4,49,3,1,1
4,21,3,3,3940,1,3,2,3,64,2,3,1
2,48,1,2,9960,1,1,1,3,26,2,2,0
4,7,1,4,1871,2,4,3,4,48,2,2,1
4,13,3,3,2589,2,1,1,3,26,1,2,1
4,11,2,3,1838,1,4,1,3,58,2,3,1
1,6,3,2,3384,1,1,3,1,44,1,3,0
2,11,3,NA,1322,3,4,3,3,40,2,3,1
3,21,3,4,2955,3,1,2,2,43,2,2,1
4,23,3,2,6526,3,3,2,3,44,2,4,1
4,6,1,2,2978,2,1,1,3,32,2,2,1
4,10,1,1,3038,1,1,3,1,35,2,3,1
4,15,1,2,6686,1,2,2,2,41,1,3,1
1,15,3,3,2130,3,1,1,3,23,2,3,1
4,12,1,2,1574,1,3,1,1,50,2,2,1
4,16,1,2,1799,2,3,1,1,29,2,2,1
2,22,3,3,681,3,6,2,2,53,1,4,1
4,12,1,NA,2390,3,3,2,3,50,2,4,1
2,20,1,3,1307,1,5,1,4,50,2,1,1
3,12,1,2,1424,3,4,3,1,55,2,3,1
4,40,1,3,2749,1,4,3,3,38,2,3,1
1,47,1,NA,10722,1,1,1,1,35,2,2,1
4,38,1,3,1965,2,1,1,1,26,2,3,1
1,24,4,NA,2325,2,2,2,3,32,2,3,1
1,11,3,NA,3939,1,1,1,1,40,2,2,1
4,45,2,4,2004,1,3,3,2,26,2,1,1
4,29,1,NA,10103,1,2,2,4,22,3,3,1
2,16,4,NA,2052,1,1,1,1,42,1,2,1
4,18,1,2,2246,1,5,1,4,26,2,2,1
4,14,1,3,3957,1,3,3,4,52,1,1,1
1,11,3,4,1162,2,6,1,2,52,3,3,1
2,30,4,4,4280,2,5,3,3,26,1,1,0
1,6,3,NA,4716,3,1,2,1,44,2,2,1
4,9,1,1,1207,1,1,1,3,43,2,4,1
4,8,3,2,6972,1,5,1,1,28,2,3,1
4,7,3,2,919,1,3,1,2,23,2,4,1
2,13,3,NA,773,1,2,3,4,55,3,2,1
3,12,1,2,2251,1,1,1,3,46,2,4,1
4,14,1,NA,2188,1,1,1,2,34,2,3,1
1,15,1,NA,3044,1,4,2,1,38,1,4,1
3,9,1,NA,297,3,4,1,3,26,2,4,1
4,19,2,4,6857,2,2,2,3,55,2,3,1
1,24,1,4,6568,1,2,1,3,21,2,3,1
4,16,1,3,919,1,4,2,2,31,2,NA,1
4,36,2,NA,10875,1,2,1,3,45,2,3,1
1,15,1,4,806,1,3,3,2,22,2,2,1
4,22,3,3,1362,2,4,3,1,51,2,4,1
1,6,1,NA,14896,1,1,3,4,68,2,2,0
2,9,1,NA,1549,3,4,1,1,35,2,3,1
2,24,4,4,4241,1,1,3,1,36,2,1,0
3,36,1,3,3913,1,2,1,1,23,2,3,1
1,12,1,3,6343,1,3,1,2,41,2,3,1
4,10,1,1,637,2,3,1,4,26,1,2,1
2,24,2,4,4712,3,6,1,2,37,2,4,1
4,24,3,1,2346,1,6,2,3,35,2,1,1
3,7,1,NA,2376,3,2,2,2,38,2,1,1
4,24,1,3,1533,1,4,2,3,38,2,3,1
4,11,3,NA,479,1,4,3,3,24,2,4,1
2,33,3,2,892,1,2,1,1,49,1,4,1
4,23,3,1,2285,1,3,2,3,32,3,2,1
1,12,3,NA,2122,1,3,NA,1,39,1,3,1
2,12,1,2,2762,3,1,1,2,25,2,2,0
4,10,1,NA,1546,1,5,1,1,31,2,3,1
1,30,3,1,6187,2,1,3,3,24,1,2,1
1,17,3,4,1810,3,5,3,3,59,2,2,1
4,7,1,3,700,2,3,3,4,41,2,2,1
4,44,1,3,2141,3,5,2,1,23,2,4,1
4,13,1,3,6339,1,5,3,1,44,2,2,1
4,21,4,3,3043,2,3,1,2,45,3,3,1
1,21,1,NA,3763,3,2,NA,1,24,2,2,1
4,14,1,4,2694,NA,4,1,3,59,2,1,1
4,22,3,2,12354,1,3,1,3,34,2,3,1
4,12,3,3,2331,3,1,3,1,49,2,4,1
4,18,3,3,2238,1,2,1,3,25,2,3,1
1,13,3,4,1797,1,5,1,2,28,2,3,1
3,9,3,1,2946,2,3,1,3,45,1,4,1
1,36,4,2,2746,1,5,3,3,31,2,1,0
1,14,2,4,1126,3,5,3,3,36,2,3,1
2,18,1,2,3001,1,2,3,1,40,1,2,1
2,12,1,3,1155,1,3,2,1,40,2,2,1
4,12,1,2,2255,1,3,NA,1,43,2,4,1
4,5,1,1,295,1,4,3,1,25,2,2,1
4,21,3,NA,6757,1,6,3,3,47,2,3,1
1,11,3,3,2821,1,1,1,1,23,2,2,1
4,22,3,3,2653,3,1,3,2,32,1,2,1
2,12,1,NA,1007,3,4,NA,1,22,2,3,1
2,24,2,2,2064,1,3,1,2,34,2,2,0
4,14,1,2,2303,3,3,1,3,27,1,1,1
4,24,1,3,13090,3,2,3,1,23,2,3,1
1,18,2,3,974,2,3,3,2,26,2,2,1
4,18,3,3,6067,1,5,1,3,21,2,4,1
2,17,1,1,2068,1,3,3,3,39,2,4,1
1,4,1,1,607,2,2,1,1,25,2,2,1
2,23,3,1,11151,1,4,3,3,34,2,4,1
4,4,3,3,1279,2,3,3,1,24,2,3,1
4,15,1,3,1386,3,2,1,1,40,1,4,1
1,6,1,NA,448,1,5,3,2,23,2,2,0
4,28,2,NA,3589,3,5,1,4,55,1,3,1
2,11,3,NA,775,2,3,1,4,28,2,3,1
4,17,1,3,1491,1,4,NA,4,20,2,4,1
3,4,3,2,3345,2,2,3,1,52,2,3,1
4,17,1,3,7879,3,4,1,2,36,2,2,1
1,6,1,NA,1847,2,5,1,2,37,2,2,1
2,19,1,NA,829,1,1,3,4,38,2,2,1
4,17,1,1,1596,3,2,1,2,21,2,3,1
4,12,1,2,1123,2,5,3,3,29,1,4,0
1,22,1,3,259,1,6,3,1,19,2,2,1
3,12,1,3,2966,3,2,1,2,22,1,4,1
2,19,1,NA,1803,3,3,3,3,32,2,2,1
4,21,4,1,3113,2,2,2,2,32,3,3,1
4,10,1,NA,1309,3,4,3,2,27,2,1,0
1,10,3,NA,1038,1,5,2,2,49,2,3,1
3,32,2,2,2631,3,3,NA,3,32,2,4,1
4,5,3,2,3038,2,1,1,4,27,1,4,1
2,12,1,NA,1223,1,1,1,1,46,1,1,0
4,24,1,3,1376,NA,4,1,3,28,2,4,1
4,11,3,NA,428,1,5,1,4,52,2,1,1
4,35,1,2,2571,1,3,3,3,38,2,4,1
4,49,3,1,14038,3,1,3,1,41,2,1,1
2,10,1,2,1521,1,5,1,3,31,2,3,1
1,10,1,1,1397,3,3,2,1,35,2,3,1
1,20,1,1,390,1,1,3,3,47,3,3,1
4,24,1,NA,1474,2,2,2,1,33,2,3,1
1,39,1,1,882,3,3,NA,3,29,2,2,1
2,6,1,3,1068,1,4,3,3,28,2,2,1
2,8,1,2,3134,3,6,1,3,20,3,4,1
1,48,1,3,6758,1,3,1,3,31,2,2,0
3,6,2,3,683,1,2,1,2,29,2,2,1
4,36,1,3,3835,3,2,3,1,45,2,3,1
1,24,4,1,3632,1,1,3,3,22,1,2,1
2,7,1,3,2576,1,2,1,1,35,2,1,1
4,17,1,NA,2745,1,2,3,1,38,2,2,1
4,12,3,3,1369,1,3,NA,4,30,2,3,1
2,18,3,2,3612,1,5,3,2,37,2,3,1
2,34,1,1,11225,2,3,3,2,40,2,3,1
2,12,1,4,841,2,2,3,1,23,1,4,1
3,20,1,3,2604,1,3,3,3,24,2,3,1
4,17,2,NA,4221,1,1,2,2,33,2,NA,1
2,4,1,NA,6616,3,3,1,3,41,2,3,1
4,6,3,3,380,3,4,3,4,24,2,1,1
4,12,1,1,4675,3,1,3,3,20,1,4,1
2,8,1,3,5138,1,1,1,2,26,3,2,1
3,24,3,2,3617,3,5,3,4,20,1,3,1
4,9,1,4,3614,2,3,3,2,33,1,1,1
4,46,1,2,452,3,3,3,1,50,1,4,1
1,24,3,1,6419,1,2,3,4,44,3,2,1
4,59,1,NA,2943,3,6,3,2,45,2,3,1
1,38,1,2,5272,1,4,2,1,30,1,4,1
1,19,1,2,4036,1,5,1,3,30,2,2,1
1,9,1,NA,654,1,5,2,3,28,2,2,0
4,23,3,2,1151,1,5,3,4,35,2,3,1
4,13,1,1,1511,2,6,1,2,40,1,2,1
1,15,3,2,975,1,2,2,2,25,2,2,1
4,12,1,3,4436,1,3,1,1,48,2,3,1
2,14,1,NA,742,1,3,1,3,28,2,1,1
2,4,3,1,4259,1,4,1,2,29,2,3,1
4,18,4,4,4165,1,2,1,3,36,2,2,0
2,20,1,NA,6351,1,1,1,1,28,2,1,1
4,20,1,4,2418,3,4,3,1,30,2,3,1
2,13,1,NA,2229,3,3,3,1,35,2,4,1
4,11,3,2,953,1,4,1,3,52,2,2,1
1,24,1,3,3660,1,2,3,3,28,2,1,1
4,24,3,4,4526,1,3,1,1,74,2,3,1
4,17,1,3,3755,3,3,2,2,40,2,4,1
1,36,3,1,9629,1,6,3,3,24,2,4,0
1,46,1,4,578,3,2,2,3,25,2,3,1
2,6,2,2,1050,1,3,1,2,35,2,2,1
1,10,3,3,5085,3,1,3,2,41,2,4,1
1,12,1,NA,2579,1,5,1,1,33,2,3,0
4,23,1,NA,3232,3,2,3,3,28,2,2,1
4,54,1,NA,7065,3,3,3,3,24,2,2,1
4,15,1,NA,3556,3,3,1,4,29,2,2,1
2,36,4,4,1953,1,4,3,4,61,3,1,0
2,10,3,NA,2886,3,4,3,1,36,2,3,1
2,19,1,3,1653,1,1,1,3,27,2,2,1
4,14,3,NA,8251,2,1,1,3,34,2,3,1
4,4,2,1,1684,2,1,1,2,41,2,2,1
4,8,1,2,1640,3,2,1,1,20,2,3,1
2,4,1,1,1389,3,3,3,1,37,2,4,1
2,12,3,3,3573,1,1,1,1,23,2,3,1
1,20,1,2,6329,1,3,2,4,26,2,2,1
4,21,2,2,617,1,4,3,3,25,2,NA,1
2,12,2,3,585,1,5,3,1,20,1,2,1
2,21,3,NA,1629,1,5,3,2,39,1,1,1
2,14,1,2,1327,1,6,1,2,30,2,3,1
2,35,2,3,677,1,6,1,3,46,2,4,1
2,25,3,2,2358,1,4,1,3,49,2,3,1
2,19,4,2,3667,3,3,3,1,41,3,4,1
4,19,1,2,1014,3,2,1,3,38,2,3,1
2,24,1,NA,2718,1,3,3,2,20,1,3,0
4,5,1,4,338,1,5,3,3,43,2,4,1
1,24,1,2,2996,3,2,3,3,20,2,3,0
4,16,1,3,945,2,1,1,4,53,2,4,1
4,24,3,NA,1927,3,3,1,3,33,2,NA,1
2,37,1,2,2910,NA,3,1,2,32,2,2,1
1,12,1,NA,759,1,5,1,1,26,2,3,0
4,34,1,NA,1584,1,1,1,1,48,2,3,1
4,22,1,3,3052,2,4,1,2,31,2,3,1
4,22,3,NA,6775,1,4,NA,4,42,2,4,1
4,39,1,3,3739,3,1,1,3,47,2,3,1
2,13,3,3,6536,1,3,3,2,31,2,4,1
2,36,1,3,2323,1,4,3,3,24,1,3,1
1,18,1,4,1217,1,5,2,1,47,2,1,0
2,13,1,3,8565,2,2,3,3,36,2,3,1
2,9,1,3,3537,1,4,1,2,40,3,3,1
1,9,3,2,5595,3,5,1,2,43,2,4,1
4,13,2,2,780,1,4,3,4,42,2,3,1
4,24,3,NA,1287,3,3,3,1,37,2,3,1
4,10,1,2,2210,1,2,1,1,25,1,2,0
1,24,1,3,1938,1,6,2,2,32,2,2,0
4,4,1,NA,1804,2,3,1,1,35,1,3,1
2,10,1,3,3519,3,5,2,2,34,1,2,1
1,18,1,3,1936,3,2,3,3,23,1,2,1
2,20,4,1,6148,2,4,3,3,31,2,2,1
4,30,4,3,1453,1,5,1,3,31,1,2,1
4,36,3,4,6304,3,5,3,1,36,2,2,1
4,31,1,2,2615,1,4,NA,3,35,2,3,1
2,24,1,3,3092,2,3,1,3,22,1,1,0
4,12,1,NA,12809,3,2,1,2,23,2,3,1
3,32,1,1,2570,2,4,2,2,29,2,4,1
2,22,3,3,2848,2,6,1,4,20,2,3,1
4,5,1,2,8123,1,2,1,1,24,3,4,1
4,24,3,4,2058,1,5,1,1,33,2,2,1
4,22,1,NA,1283,3,3,3,2,25,1,4,1
4,42,1,3,4031,1,3,3,1,52,2,3,1
4,23,1,NA,4220,1,5,3,3,34,2,4,1
2,19,3,2,1997,1,4,2,2,32,2,4,1
4,5,1,3,1212,1,5,1,1,40,2,2,1
1,21,3,4,5950,3,1,2,1,27,2,2,1
2,18,2,2,4297,1,6,2,4,40,2,1,0
1,7,3,NA,3699,1,2,1,4,34,1,3,1
2,8,3,3,8218,2,6,1,3,28,2,2,1
1,24,1,1,2924,1,3,3,4,63,2,3,1
2,19,1,NA,3246,3,4,3,1,24,3,3,1
4,42,3,2,4042,2,5,3,1,36,2,2,1
4,15,3,NA,5045,3,1,3,3,59,2,3,1
2,36,3,1,5800,1,5,3,3,34,2,4,1
4,18,3,2,1817,1,5,1,4,28,2,4,1
1,12,1,2,1262,3,2,3,2,49,2,2,1
1,6,1,NA,1523,3,3,1,4,69,2,3,1
4,11,1,NA,7967,1,2,2,3,19,2,3,1
4,12,3,NA,432,3,2,3,1,55,1,2,1
4,16,1,3,2436,1,3,1,3,29,2,3,1
4,10,1,4,574,2,2,1,1,26,2,4,1
1,9,1,4,2024,1,2,1,2,25,1,2,1
4,15,1,NA,450,1,2,1,2,41,2,3,1
2,17,1,2,1182,1,2,1,1,19,2,4,1
4,7,1,NA,3224,1,5,3,1,39,2,4,1
4,20,4,1,1819,1,4,3,3,33,2,4,1
4,30,1,4,3949,3,1,3,4,38,1,1,1
4,9,3,3,689,1,6,1,2,45,2,4,1
2,36,2,4,4455,1,2,1,1,30,2,2,0
1,11,3,1,6879,2,1,3,2,24,1,4,1
4,24,3,1,4042,3,3,3,2,43,2,3,1
4,16,3,3,1234,3,3,3,3,46,3,2,1
2,10,3,2,4014,3,4,3,1,34,1,3,1
2,30,2,3,1919,2,6,NA,4,30,2,1,0
2,23,1,3,5193,2,3,3,1,28,2,2,1
4,18,3,3,1169,3,4,2,2,29,2,3,1
4,15,3,3,1471,1,3,3,4,35,3,1,1
1,5,1,1,1280,NA,3,1,3,37,2,2,1
4,22,1,3,258,2,2,1,4,42,2,3,1
4,30,1,3,2333,2,4,1,3,30,2,1,1
1,12,1,2,7865,1,5,3,4,53,3,NA,0
2,15,3,3,9688,1,5,3,1,34,3,2,1
1,48,4,4,7685,1,2,3,3,37,1,3,0
4,13,1,NA,3439,3,2,2,1,29,2,4,1
2,15,3,NA,7847,1,4,2,3,28,3,3,1
3,19,1,4,953,1,1,1,1,69,1,4,1
4,36,1,1,8133,1,1,1,2,30,2,NA,1
1,15,1,NA,1589,1,4,1,4,25,2,4,1
3,16,2,2,7635,1,2,3,3,37,2,3,1
2,7,3,3,292,1,6,3,1,24,3,4,1
4,21,3,NA,1994,1,5,3,2,40,1,4,1
3,6,1,3,1869,1,2,1,2,37,2,2,1
4,30,4,3,14887,1,3,3,1,25,1,3,1
4,23,4,4,6133,1,3,2,3,25,2,3,1
4,45,1,1,1980,1,2,1,2,28,2,2,1
1,15,1,NA,1772,1,2,NA,3,21,2,3,1
4,5,3,2,5789,3,2,2,3,27,2,4,1
2,30,1,2,3441,2,2,3,3,21,1,1,0
2,6,1,3,484,1,3,2,1,28,2,3,1
3,10,3,3,1347,3,4,1,2,27,2,4,1
4,5,3,2,5553,1,3,3,1,30,2,3,1
3,24,1,3,1258,2,5,2,3,57,2,3,1
4,18,1,3,1126,3,6,1,1,21,1,2,1
4,38,2,4,2900,3,5,2,3,35,2,2,1
4,11,3,1,942,1,4,1,2,35,2,4,1
3,12,4,3,409,3,3,2,1,42,1,3,1
3,13,3,3,2037,1,2,1,3,34,1,2,1
4,16,3,NA,1454,1,2,1,2,44,2,2,1
4,16,3,2,3747,1,2,1,4,57,1,2,1
2,19,4,3,9802,3,1,1,3,35,2,1,1
4,48,2,3,7238,3,3,2,3,32,2,2,1
4,47,1,NA,2638,2,4,1,2,73,3,2,1
4,16,4,NA,2692,1,2,1,3,31,2,4,1
2,22,3,3,1718,2,1,3,1,63,2,2,1
4,4,3,3,2042,1,4,NA,2,38,2,2,1
4,24,1,1,5433,3,2,3,2,26,1,3,1
4,11,1,4,1513,3,4,3,3,54,2,3,1
1,12,1,3,674,2,5,1,2,20,2,2,0
4,57,1,NA,609,1,5,1,1,27,2,3,1
4,5,3,3,8264,3,5,1,1,50,2,3,1
1,24,1,3,3284,2,5,1,2,30,2,3,1
1,57,3,2,2692,1,2,3,2,26,1,4,1
2,22,1,NA,1900,1,3,3,3,38,2,3,1
4,21,3,1,4457,1,5,NA,3,48,2,2,1
2,11,3,4,1873,1,3,3,4,30,1,1,1
2,14,3,NA,1045,2,4,3,4,70,2,2,1
2,47,1,NA,4902,3,4,1,1,20,1,3,1
2,17,2,NA,885,1,2,3,1,27,2,3,1
4,37,3,NA,2821,1,1,1,3,42,1,2,1
4,10,1,2,892,3,1,2,1,43,1,4,1
1,24,1,NA,915,3,4,1,3,29,2,1,0
4,15,3,NA,1296,1,2,3,3,28,2,2,1
4,12,1,1,1413,3,3,1,2,55,2,3,1
4,13,1,3,5869,3,3,1,4,32,2,4,1
4,24,1,4,1258,1,5,1,1,25,2,2,1
2,17,1,3,1048,1,1,3,4,34,1,4,1
2,35,1,3,261,3,4,3,1,31,2,2,1
1,20,3,3,2789,2,3,2,2,25,2,3,1
4,14,3,2,3043,2,4,3,1,48,1,3,1
2,5,3,NA,7087,NA,3,3,2,28,2,3,1
4,4,1,3,1954,3,4,3,1,50,2,3,1
4,32,2,3,597,1,3,1,3,20,2,2,1
4,5,1,4,3448,1,1,3,1,74,2,3,1
4,16,3,4,2685,3,2,1,3,38,2,4,1
1,22,3,2,1183,1,1,NA,4,27,2,4,1
2,17,1,3,7870,1,4,2,3,21,2,2,1
2,55,4,2,2854,3,6,3,3,55,2,2,1
4,18,1,4,780,1,3,3,4,36,3,2,1
4,22,2,NA,565,3,5,3,2,25,2,4,1
1,14,1,1,491,1,3,2,2,26,1,2,1
2,15,4,NA,1264,2,2,1,2,25,1,3,0
4,12,4,NA,2165,3,1,2,3,47,2,1,1
1,6,2,NA,338,3,2,1,1,28,2,4,1
2,30,3,NA,4249,1,5,1,3,28,2,2,0
4,16,3,1,1047,3,5,1,2,26,2,2,1
2,24,3,1,7758,3,2,3,4,29,1,4,1
4,7,1,1,9748,1,4,3,1,21,2,4,1
4,6,1,2,4611,1,1,3,2,32,2,2,0
4,11,3,4,609,3,2,2,4,45,1,2,1
4,10,1,NA,1524,1,3,3,2,19,2,3,1
4,14,1,4,4179,1,4,1,1,35,2,2,1
1,24,1,2,3021,1,2,1,1,24,1,3,1
4,24,3,1,1365,1,3,2,3,28,2,2,1
4,19,3,3,789,1,3,3,2,38,1,3,1
4,38,1,3,3202,1,3,1,3,31,2,2,1
2,9,1,2,959,1,1,1,3,29,2,2,0
1,15,1,3,1053,1,4,1,1,27,2,3,1
1,35,3,3,884,3,3,1,1,36,2,2,1
2,10,3,NA,2796,1,3,3,3,46,2,3,1
4,4,2,2,1381,1,2,3,1,39,3,1,1
1,20,1,4,2831,3,2,3,1,36,2,2,1
4,17,1,NA,5514,3,6,3,4,30,1,3,1
4,24,1,NA,1393,1,2,1,1,31,2,3,1
4,12,3,NA,1495,1,3,1,1,38,2,2,1
2,35,3,NA,3506,3,4,1,3,46,2,3,1
2,22,3,3,2779,1,3,1,1,28,2,3,1
1,9,3,NA,2799,1,2,1,1,36,1,3,1
4,15,2,1,3594,1,1,1,2,46,2,2,1
4,16,1,NA,344,2,2,1,1,22,2,3,1
4,18,3,NA,2535,1,3,1,3,24,2,4,1
1,23,3,NA,1044,2,2,3,1,30,2,3,1
4,15,1,3,860,1,2,1,2,32,2,3,1
2,12,1,3,1331,1,2,1,3,22,2,1,0
3,5,3,2,742,1,4,3,2,20,2,3,1
2,5,1,NA,3267,2,3,1,4,37,2,4,1
1,4,1,3,2587,1,4,3,2,28,2,3,1
4,24,1,2,1601,1,2,2,2,59,2,3,1
1,12,1,3,1680,2,3,NA,1,35,2,NA,1
4,22,1,4,3366,3,2,2,3,47,1,2,1
4,15,4,3,2369,3,2,1,1,71,2,2,1
4,14,1,3,1429,3,2,3,4,30,2,3,1
3,24,3,NA,1344,3,5,1,1,37,2,3,0
2,25,3,1,11126,1,5,2,3,37,2,NA,1
4,5,1,NA,5259,1,2,2,4,31,2,3,1
1,12,4,3,2149,1,5,1,4,29,3,1,0
4,35,1,NA,642,2,3,2,2,37,1,3,1
4,24,1,1,2679,1,4,1,4,29,2,3,1
3,42,3,1,4796,1,4,3,4,56,3,3,1
4,24,1,NA,1249,1,4,1,1,28,2,3,1
4,9,3,1,2084,1,4,3,2,34,2,3,1
1,21,3,3,4218,1,2,1,2,21,2,1,1
2,37,3,3,1880,2,2,1,2,39,2,3,1
4,17,1,1,2062,3,3,1,2,47,2,3,1
1,11,1,4,1272,3,1,NA,1,59,2,4,1
4,16,3,NA,8465,3,3,3,1,27,2,3,1
4,5,1,2,1862,2,2,2,1,47,2,3,1
4,12,1,3,2171,1,2,1,3,29,2,3,1
1,5,1,4,2396,2,4,3,4,54,2,3,1
2,18,1,4,1941,3,3,1,2,35,2,3,1
1,30,1,2,6350,3,6,3,2,31,2,1,0
2,28,3,3,3390,2,3,3,3,19,2,3,1
4,15,1,3,1213,2,5,2,2,47,2,3,1
4,6,2,1,3125,3,2,3,2,26,1,2,1
2,17,3,NA,1180,3,1,1,3,67,2,4,1
4,20,1,NA,621,2,2,1,1,52,2,3,1
4,20,3,3,1904,2,2,3,1,22,3,3,1
4,11,3,1,4105,3,6,1,1,31,2,4,1
4,20,1,3,887,3,3,3,2,31,2,4,1
4,11,3,1,326,3,2,1,3,25,2,3,1
2,12,4,1,1410,1,2,1,1,31,2,3,1
2,39,3,3,4933,1,2,1,1,25,2,3,0
4,18,1,3,433,1,3,3,1,22,1,2,0
2,8,3,4,5894,3,3,3,2,20,3,4,1
1,10,1,4,983,1,1,1,4,24,1,3,1
4,57,3,2,10906,2,3,2,4,43,2,3,1
2,23,4,3,2368,2,5,3,3,38,3,3,1
1,11,3,NA,3905,1,2,1,1,36,1,4,1
3,10,3,3,339,1,3,3,2,58,2,NA,1
4,48,3,NA,6110,1,1,2,4,31,3,1,1
4,22,1,3,3187,1,5,3,3,23,2,3,1
4,37,3,1,5090,2,4,2,3,26,1,4,1
4,4,4,2,1680,1,4,1,3,26,2,3,1
2,11,1,2,2981,1,2,3,2,44,2,3,1
2,13,1,2,4135,2,4,1,3,24,1,3,1
2,18,1,4,3872,1,2,NA,3,67,2,3,1
3,19,1,1,4471,1,3,1,3,43,2,3,1
3,12,1,3,1297,1,5,3,1,23,1,3,1
4,6,1,1,1236,NA,2,3,2,50,1,4,1
2,9,1,3,458,1,5,2,1,24,2,4,1
4,14,4,3,1053,1,5,1,3,27,2,4,1
1,14,3,1,2602,1,2,1,1,21,2,2,1
4,21,1,3,675,1,1,2,4,43,1,2,1
4,37,1,1,1208,3,2,1,4,37,2,4,1
1,24,1,2,7721,3,1,1,2,30,2,2,1
3,10,1,2,1275,1,4,1,2,23,2,4,1
4,7,1,3,3987,1,4,1,1,50,2,4,1
4,5,1,NA,8478,2,3,1,3,21,2,3,1
2,21,3,1,4392,1,4,3,3,25,2,3,1
2,13,3,2,1045,1,2,2,3,34,3,3,1
2,5,1,3,604,1,4,3,1,35,2,1,1
4,9,3,3,1265,3,2,3,2,21,2,3,1
4,21,1,3,5268,2,2,3,2,31,2,3,1
4,24,4,4,1559,1,2,3,3,50,2,2,1
1,15,3,2,1433,1,4,2,2,25,1,4,1
1,48,1,NA,7763,1,5,3,4,42,3,2,0
1,30,1,4,11998,1,1,1,4,34,2,3,0
4,23,1,1,324,1,2,1,2,48,2,3,1
4,24,3,3,2223,2,3,3,2,52,2,3,1
2,10,1,1,736,2,3,3,4,72,2,3,1
4,21,3,4,1386,1,2,1,1,38,2,4,1
1,7,1,NA,2639,2,5,2,3,20,2,4,1
3,15,1,NA,599,2,1,3,1,38,3,3,1
2,6,1,4,454,1,5,1,2,22,2,3,1
1,12,3,4,3767,1,2,1,3,60,2,4,1
4,20,3,NA,3485,3,2,3,1,44,2,2,1
1,12,1,4,741,2,4,2,2,22,2,3,0
1,18,3,NA,2602,1,4,3,2,37,2,2,1
2,42,3,4,5954,1,2,1,1,41,2,3,1
3,6,3,NA,1047,1,2,3,2,50,2,4,1
1,11,2,3,1085,1,1,1,2,30,3,3,1
2,17,3,3,1128,3,4,1,3,28,2,3,1
4,13,1,NA,966,1,3,1,2,45,1,3,1
2,5,1,3,5750,1,1,2,1,30,2,1,1
2,4,3,3,9684,1,3,1,3,27,2,3,1
1,22,1,3,6062,1,1,1,2,29,2,3,1
4,4,4,3,1275,1,1,1,2,25,2,3,1
1,23,3,3,1788,2,2,1,1,25,1,1,1
4,31,1,3,862,1,4,3,2,67,2,1,1
2,15,4,3,2974,1,4,2,2,28,2,4,1
1,15,1,NA,1390,1,5,2,2,39,2,3,1
2,13,2,3,2481,3,3,1,3,59,3,2,1
1,15,1,3,966,1,5,2,2,26,2,3,1
3,12,1,2,3137,3,3,2,3,50,2,2,1
1,27,1,3,3416,1,3,1,3,27,2,3,1
2,22,3,1,3891,2,4,1,3,22,2,3,1
4,13,3,3,7110,1,1,3,1,52,2,4,1
2,12,3,1,1860,1,2,1,3,34,2,3,1
2,25,1,2,758,1,3,NA,1,42,2,4,1
4,21,3,NA,831,3,4,1,2,51,2,2,1
2,8,1,1,3176,1,3,3,4,25,2,2,1
4,16,3,1,5995,2,3,1,3,27,2,4,1
2,18,3,2,6361,1,2,1,4,41,2,3,1
4,8,1,2,4366,1,4,3,2,45,2,2,1
1,10,1,2,2818,1,2,1,1,62,2,3,1
1,41,1,1,6279,2,2,1,3,61,3,2,1
4,31,1,2,422,1,1,3,2,35,2,3,1
1,22,3,4,1730,3,1,2,2,21,2,4,1
2,14,3,2,675,1,3,2,1,26,2,4,1
1,16,3,2,1134,1,4,3,2,31,2,3,1
1,40,1,3,8076,3,5,1,4,38,1,1,1
1,27,1,3,587,3,3,2,1,30,2,3,1
4,26,3,1,1305,1,3,3,1,68,1,3,1
1,12,3,NA,691,1,6,2,2,35,2,1,0
2,16,2,1,1734,1,1,1,1,49,3,2,1
1,11,1,NA,839,1,6,NA,2,28,2,3,1
2,15,3,NA,2154,1,2,1,3,26,2,4,1
4,13,3,NA,343,3,2,3,3,27,2,2,1
2,22,1,4,1871,1,2,1,2,34,2,3,1
1,24,4,NA,1193,1,1,3,4,29,1,1,0
4,7,3,1,634,1,1,1,3,33,2,4,1
4,6,3,3,700,3,4,3,4,36,3,4,1
3,22,1,3,4418,3,2,1,2,44,2,4,1
2,36,1,4,2384,1,4,1,4,33,1,2,0
2,20,2,NA,6956,2,3,2,3,26,1,3,1
2,13,3,3,882,1,6,3,1,23,2,2,1
2,24,1,3,1967,1,4,3,3,20,2,2,1
1,4,3,3,2529,3,1,1,1,30,1,4,1
1,6,1,2,1374,1,1,1,1,36,2,2,1
2,8,1,3,8115,3,5,1,3,19,2,4,1
2,20,3,3,941,1,4,1,1,26,2,3,1
3,17,1,2,5732,2,3,3,2,25,1,3,1
1,22,1,4,2438,1,2,NA,1,33,2,3,1
1,11,1,NA,440,1,3,3,1,20,2,NA,1
1,24,1,2,3149,1,6,1,4,22,3,1,1
4,13,1,2,939,3,3,3,3,41,2,4,1
3,10,1,1,840,2,1,3,2,25,1,3,1
1,6,2,1,1145,1,3,1,4,42,2,4,1
2,54,4,4,15945,1,3,NA,4,58,1,2,0
2,18,1,1,8003,3,3,3,2,36,2,3,1
4,12,1,3,776,1,3,1,1,28,2,2,1
4,15,2,NA,1135,3,2,NA,4,51,2,2,1
4,11,3,NA,581,3,4,3,3,32,1,3,1
4,23,1,NA,10181,3,1,1,2,50,2,3,1
4,12,3,3,618,1,4,3,1,56,2,3,1
1,27,4,4,5293,1,2,3,2,50,2,2,0
2,14,1,1,2917,2,5,3,1,32,2,1,1
1,42,3,2,3254,3,3,2,1,35,2,4,1
1,7,1,NA,459,3,2,3,1,47,2,2,1
3,8,3,NA,728,1,5,NA,2,52,1,3,1
2,38,1,1,1382,3,2,3,3,40,1,2,1
1,15,1,3,2996,1,6,2,2,34,3,1,1
1,16,3,1,6352,1,4,1,4,24,1,1,1
1,7,1,1,4358,1,3,3,2,35,2,4,1
2,6,2,3,2477,3,4,3,1,22,2,1,1
2,12,1,NA,6078,1,2,1,3,32,2,3,1
2,42,4,1,9283,1,1,1,4,55,3,3,1
4,24,1,1,2603,3,2,3,3,28,1,2,1
2,15,2,4,1512,3,3,2,2,61,2,2,0
1,33,3,2,4281,NA,1,3,3,23,2,2,0
1,22,1,NA,5047,1,2,1,3,42,2,3,1
1,12,1,1,3386,1,3,3,4,35,3,1,0
4,15,1,3,3568,1,4,1,3,54,1,4,1
4,7,1,NA,4740,1,5,1,1,34,2,2,1
4,38,3,1,2782,3,2,NA,4,32,2,1,1
3,36,1,3,4473,1,4,1,3,31,2,2,1
2,13,1,NA,830,1,4,3,3,26,2,2,1
1,18,1,1,4625,1,4,3,3,28,2,3,1
4,13,4,NA,3017,1,1,3,4,61,2,1,1
4,21,3,4,4319,1,2,1,2,33,1,2,1
4,4,3,1,5637,3,2,1,3,26,2,4,1
4,8,1,3,4889,1,3,1,3,26,2,3,1
2,22,1,3,4342,2,4,3,3,52,2,4,1
1,5,3,2,4123,3,5,1,1,32,2,3,1
4,21,3,4,3119,1,1,3,4,46,2,1,1
4,17,3,4,3481,1,3,1,4,36,2,2,1
2,24,2,NA,1965,3,4,3,3,42,1,3,1
1,6,1,4,836,3,4,2,4,25,3,2,1
2,11,3,NA,2847,1,3,1,1,33,2,4,1
1,14,1,NA,2148,1,1,NA,2,20,2,3,1
2,9,3,2,1919,1,6,2,3,35,1,3,1
4,6,1,4,660,2,2,3,1,23,1,3,1
1,5,3,NA,3502,1,1,3,3,48,1,2,1
3,15,1,4,5208,1,2,3,1,53,2,1,1
4,13,1,3,1194,1,2,1,1,37,2,3,1
4,8,1,1,274,1,3,1,3,26,1,2,1
3,6,1,NA,709,3,2,1,1,27,2,2,1
4,6,1,3,518,1,5,1,1,29,2,3,1
1,5,3,2,5464,1,5,1,1,26,2,3,1
1,36,1,2,3620,1,1,1,2,37,2,2,1
2,20,3,NA,12341,NA,3,2,3,25,2,3,1
2,8,1,3,1414,1,3,1,1,33,2,4,1
4,11,3,NA,1393,1,4,3,3,35,2,4,1
1,24,1,3,1603,1,4,3,3,55,2,3,1
4,13,1,3,751,1,2,3,3,47,2,2,1
4,48,3,NA,10127,NA,2,1,4,44,3,2,0
1,12,3,1,1526,1,2,NA,4,66,3,3,1
4,4,1,NA,2248,1,1,3,3,41,2,3,1
1,39,3,1,2557,2,2,2,2,21,2,4,1
2,30,3,4,4080,3,3,3,3,38,3,3,1
4,16,3,4,557,2,2,3,3,60,2,4,1
4,5,3,3,1445,1,3,1,3,63,3,NA,1
2,22,1,3,6513,2,4,1,1,32,2,3,1
4,16,4,3,3111,1,6,3,3,31,2,4,1
2,35,1,1,3477,3,5,1,2,20,2,3,1
4,23,1,4,1370,1,3,1,2,38,2,2,1
4,15,1,4,1262,2,4,2,2,36,2,3,1
1,18,1,NA,976,1,1,1,3,23,2,3,0
1,15,1,3,2644,1,3,1,1,37,2,2,1
4,20,1,1,2485,1,2,3,2,50,3,3,1
4,9,1,NA,3577,NA,1,1,1,26,1,2,1
2,15,3,4,2241,2,3,2,1,27,2,3,1
2,22,2,3,2346,3,4,3,2,23,2,2,1
4,21,3,1,1480,1,1,1,4,40,2,2,1
2,12,1,2,3017,1,3,1,1,34,1,3,1
1,36,3,2,5371,1,3,1,2,28,2,4,1
2,13,1,3,2101,1,2,3,2,23,2,3,1
1,15,1,NA,2511,1,1,3,3,23,1,4,1
4,18,3,1,2185,3,1,3,3,30,2,3,1
2,48,3,3,5236,1,2,3,2,61,2,1,1
4,24,3,3,2578,3,2,1,3,34,2,3,1
4,7,3,1,5576,1,4,2,2,23,2,2,1
2,18,2,4,1792,3,4,3,2,49,2,3,1
4,36,3,2,7127,1,2,3,2,23,1,3,0
4,12,1,NA,1386,2,2,1,2,26,2,2,0
2,36,1,3,4795,1,2,NA,4,30,2,2,1
2,14,1,3,4398,1,2,2,4,32,3,2,1
4,9,1,3,2697,1,1,1,1,32,2,2,1
4,20,1,4,2920,1,5,3,2,45,2,3,1
1,13,4,2,5296,1,3,2,1,43,1,3,1
4,22,2,4,6235,1,3,1,3,24,1,3,1
1,12,1,NA,1168,1,4,2,1,27,2,3,1
2,48,1,NA,8487,3,1,1,3,24,2,2,1
2,13,1,3,4321,1,2,3,2,28,2,3,1
4,10,3,NA,3678,3,5,1,2,27,2,2,1
1,8,1,NA,937,3,2,1,3,19,3,3,1
1,14,1,2,594,1,4,3,1,29,2,3,1
4,48,1,1,1601,1,1,1,1,44,2,3,1
4,10,3,NA,1628,3,4,NA,3,47,2,2,1
2,9,1,4,1391,1,2,1,1,27,2,2,1
3,22,1,NA,309,1,3,3,1,47,2,2,1
2,13,2,NA,3479,2,4,1,3,37,2,4,1
2,36,4,4,3990,3,4,1,4,29,2,2,1
2,20,3,4,1371,1,5,1,1,19,2,2,1
4,19,1,NA,1851,1,3,3,3,38,2,4,1
4,12,1,NA,640,1,4,1,1,49,2,3,1
2,18,1,4,2611,3,6,2,4,43,2,4,1
4,12,3,2,1258,1,2,3,2,22,1,4,1
2,27,1,4,2528,1,3,1,2,32,2,3,1
1,6,3,3,1957,1,1,3,3,31,2,3,1
4,36,4,4,2613,1,2,1,3,27,2,2,1
4,12,3,2,1402,2,3,3,3,37,1,1,1
2,9,3,2,2703,1,1,2,3,33,2,3,1
1,6,2,3,3830,1,2,3,2,30,1,4,1
4,8,1,NA,1715,1,2,1,1,29,2,2,1
4,19,1,2,1049,3,2,1,3,26,2,3,1
2,12,1,3,766,2,4,2,1,66,2,2,0
1,24,1,1,2812,3,2,3,1,26,1,4,1
2,19,1,NA,1664,1,4,3,3,31,2,3,1
2,22,3,1,1829,1,5,3,3,39,1,3,1
1,17,3,1,2876,3,3,3,1,34,2,4,1
4,11,1,4,2222,3,3,2,1,28,2,3,1
4,5,1,4,1803,1,3,3,2,51,2,1,1
1,18,4,3,1940,1,3,3,4,36,3,3,1
3,15,1,3,2327,1,2,2,1,25,2,1,0
3,22,1,3,1169,1,3,3,3,22,2,1,1
4,9,1,3,3758,3,1,2,1,49,2,3,1
2,9,3,3,629,3,2,1,2,41,3,3,1
4,17,3,4,3357,3,2,3,3,22,2,3,1
2,10,1,NA,7308,1,2,3,4,70,3,4,1
2,5,3,3,360,1,2,1,1,31,2,2,1
4,14,1,3,4369,1,5,3,2,41,2,4,1
3,13,1,4,2142,NA,3,1,1,21,2,4,1
4,24,1,NA,7393,1,1,3,2,43,2,2,1
1,36,1,2,3446,1,6,1,3,42,2,2,0
2,6,2,4,1449,2,1,1,3,31,2,2,1
1,13,1,2,3898,1,2,3,2,31,2,3,1
4,38,1,NA,4380,1,5,1,3,38,2,4,1
4,12,3,NA,701,1,5,1,3,32,2,2,1
2,21,3,2,2745,3,5,1,3,32,2,3,1
4,21,1,2,730,1,1,1,1,42,2,3,1
4,24,1,3,3105,3,2,1,3,25,2,3,1
4,24,3,2,1585,1,5,2,2,40,2,3,1
4,16,1,3,2936,NA,6,1,3,40,1,3,1
4,26,4,4,3369,1,2,1,2,30,2,1,1
1,36,2,4,2145,1,2,1,3,24,2,3,0
4,7,3,1,1823,1,3,1,3,26,2,3,1
3,4,2,NA,2983,1,1,3,4,53,1,3,1
2,23,1,NA,2690,1,1,1,4,21,2,4,1
2,10,3,2,424,1,4,1,1,37,2,2,1
4,21,1,1,392,2,4,NA,2,33,2,4,1
4,7,3,NA,1965,1,1,2,1,40,2,4,1
4,23,1,1,1981,1,5,NA,2,40,2,4,1
4,6,3,NA,1771,2,3,2,1,52,2,3,1
4,5,3,1,4655,3,4,3,2,50,2,3,1
4,38,3,2,3404,1,5,3,1,21,2,3,1
4,9,2,2,2176,1,4,3,3,38,3,3,1
1,24,3,4,1382,2,5,1,1,26,2,3,1
2,36,3,NA,2820,1,5,3,3,27,2,3,0
2,8,3,NA,3854,3,3,2,1,47,2,3,1
3,20,1,2,915,1,6,1,2,38,2,3,1
2,6,1,NA,487,3,3,3,4,23,2,2,1
2,22,1,NA,3001,1,2,1,1,42,2,4,1
4,20,3,2,670,1,1,1,3,20,2,2,1
4,33,3,3,1487,2,3,1,4,30,1,4,1
4,12,3,3,1655,1,2,3,1,63,2,3,1
4,24,2,2,4151,NA,2,2,2,35,2,2,1
4,11,1,1,260,1,3,2,1,39,2,2,1
2,10,2,3,2326,1,2,3,1,43,2,3,1
1,21,1,NA,1829,1,3,3,1,31,2,2,1
2,39,2,3,3416,1,5,3,2,37,3,4,1
2,12,1,3,1484,3,2,1,1,25,2,NA,0
4,18,1,NA,407,2,3,3,1,30,1,2,1
1,6,1,2,2867,1,3,1,3,19,3,3,1
4,9,1,2,1443,1,4,3,3,28,1,4,1
2,18,3,NA,1056,1,3,2,1,30,2,NA,0
2,12,1,3,1103,1,4,2,1,29,2,2,1
4,12,3,3,1291,1,4,1,2,35,2,2,1
2,9,1,1,1777,3,2,1,1,53,2,2,1
4,17,1,3,4713,1,3,2,2,35,2,4,1
4,8,1,3,1374,1,5,3,2,34,2,2,1
4,22,1,2,2471,1,3,3,3,59,2,2,1
1,5,3,NA,1711,2,4,3,1,74,1,2,1
3,8,1,4,6783,2,3,1,3,44,1,1,1
4,23,1,2,1095,3,6,1,1,33,2,3,1
2,48,3,2,5096,1,2,2,3,30,2,1,0
4,4,1,NA,321,3,5,1,3,64,2,3,1
3,16,1,3,4929,1,4,1,2,42,2,3,1
1,13,3,1,373,1,5,1,1,46,2,2,1
3,20,1,2,1826,1,5,3,3,32,2,3,1
2,12,1,3,4367,1,5,1,2,24,1,3,1
4,16,3,2,450,2,2,1,2,39,2,2,1
4,15,2,2,960,3,3,1,2,30,2,4,1
2,13,3,3,1367,2,2,3,3,42,2,3,1
2,23,1,NA,688,2,4,1,1,32,2,3,1
1,30,1,1,3857,1,3,3,2,40,2,3,1
4,12,3,NA,926,1,1,NA,2,38,2,3,1
3,13,3,NA,6166,2,6,3,3,46,1,2,1
4,7,3,NA,3320,1,5,2,3,32,2,2,1
4,29,2,NA,428,1,2,3,3,63,2,2,1
2,12,1,NA,2002,1,3,3,2,30,1,3,1
4,11,3,4,2012,1,1,3,4,39,2,4,1
2,36,1,NA,2273,1,4,1,3,32,2,3,1
2,14,2,1,1637,1,2,1,2,25,2,1,1
2,12,1,1,754,3,3,3,2,38,2,3,1
4,6,3,3,5014,3,5,1,1,28,3,3,1
1,16,1,3,3580,1,5,1,3,41,2,3,1
3,7,3,1,1000,3,3,1,3,35,3,4,1
1,7,1,3,255,1,2,1,1,50,2,1,1
4,23,1,NA,1699,1,3,1,1,70,2,3,1
4,36,1,1,4686,1,2,1,4,32,3,4,1
3,18,3,3,3033,2,2,2,3,30,1,3,1
1,5,1,NA,2876,1,4,2,1,26,2,4,1
4,18,3,3,6070,1,3,3,3,33,2,2,1
3,18,1,2,2750,3,2,3,1,34,2,4,1
3,24,3,3,3148,3,3,NA,3,31,2,4,1
4,5,3,NA,6077,1,2,1,1,22,2,3,1
4,19,2,NA,2259,1,5,3,2,37,2,4,1
2,48,1,3,10961,3,1,1,4,27,2,2,0
4,24,2,4,8648,1,2,1,3,27,2,1,0
1,14,3,4,2736,1,5,1,3,39,2,4,1
4,18,1,3,993,1,1,3,2,21,2,4,1
3,8,1,4,1098,3,1,3,2,34,2,3,1
1,9,3,4,2293,1,1,3,3,19,2,3,1
3,20,3,NA,758,1,2,2,2,47,3,4,1
4,21,3,1,8250,1,2,1,1,46,2,2,1
4,13,1,3,2572,3,3,2,1,45,2,3,1
3,20,1,3,2880,1,5,2,1,24,1,3,1
4,34,3,3,2173,1,2,1,3,59,2,2,1
4,6,1,2,1308,1,4,2,4,20,2,3,1
4,24,1,2,997,NA,3,2,1,28,2,3,1
4,15,1,2,2186,3,1,3,1,33,1,2,1
1,9,1,NA,1422,1,3,1,4,27,3,1,0
2,20,1,3,5083,3,1,3,2,39,2,3,1
4,17,1,3,1704,3,1,1,1,27,2,3,1
2,20,1,4,1393,1,1,3,2,38,2,1,1
4,24,1,1,9277,3,2,3,4,48,3,3,1
4,14,3,1,3046,1,6,2,2,24,1,3,1
4,15,3,2,3343,1,3,1,4,28,3,2,1
2,24,1,3,5084,3,2,3,3,42,2,3,1
4,15,1,2,2708,1,2,2,2,27,2,4,1
1,24,4,3,1546,1,6,3,3,24,1,1,0
4,16,1,2,1738,2,3,1,2,41,1,3,1
2,14,3,3,929,3,1,1,3,36,2,2,1
2,6,1,NA,14555,3,1,NA,2,23,2,4,0
4,18,1,2,1984,1,3,3,4,47,3,3,1
4,8,1,NA,999,1,1,3,2,39,2,2,1
4,6,1,3,3039,1,4,1,1,31,2,2,1
4,16,1,4,831,3,2,3,3,27,2,3,1
4,18,3,NA,1028,1,6,NA,1,36,2,2,1
4,24,2,NA,2538,1,4,3,3,47,2,NA,0
4,9,1,NA,341,3,3,3,1,27,2,3,1
4,12,1,NA,2951,1,5,3,2,29,2,4,1
3,7,3,1,6538,1,6,1,1,31,3,2,1
4,12,1,NA,2133,3,3,3,4,52,3,NA,1
4,15,3,NA,1613,2,3,3,1,19,2,2,1
1,13,2,NA,1445,2,4,1,2,30,1,2,1
1,30,1,2,2406,1,6,3,1,23,1,3,0
1,12,1,3,1980,3,1,3,3,29,3,4,1
1,35,1,2,9146,3,4,3,2,25,2,4,1
2,46,3,NA,3325,3,3,1,4,20,2,2,1
1,23,1,4,1589,2,3,3,1,36,2,4,1
4,24,1,2,3062,2,6,2,4,32,1,3,1
2,60,2,3,7418,3,1,1,1,27,2,2,1
4,24,1,2,2835,2,3,3,2,53,2,4,1
2,8,1,3,1433,1,2,2,2,23,2,3,1
1,12,3,NA,2121,1,5,1,2,30,2,1,1
1,13,4,2,2200,1,4,1,4,38,2,2,1
2,17,1,1,2075,1,3,3,1,25,2,1,1
2,7,2,3,264,1,4,3,3,35,2,3,1
4,11,3,3,1154,2,4,3,1,57,2,3,1
4,21,1,3,2099,2,1,1,3,55,2,2,1
4,60,1,NA,10366,1,2,3,2,42,2,4,1
1,35,3,2,8704,1,3,2,3,34,2,4,1
2,8,1,4,907,1,3,1,1,26,2,2,1
4,11,4,2,1104,1,4,3,2,34,2,3,1
1,10,1,NA,3622,2,4,1,1,36,2,3,1
4,22,1,NA,293,3,3,2,3,25,2,3,1
2,8,3,1,6465,3,3,2,3,36,2,1,1
1,17,1,NA,11535,1,1,3,3,28,2,4,1
4,16,1,4,830,3,5,1,3,65,2,2,1
1,18,3,2,1049,1,5,3,2,21,1,4,1
1,15,3,2,1478,1,6,3,3,44,2,2,1
4,22,1,1,5016,1,5,1,2,29,2,2,1
2,15,1,4,2631,2,3,1,1,25,2,2,1
1,23,2,3,5682,1,4,1,3,29,2,1,1
2,13,2,NA,1324,1,5,2,3,22,2,2,1
4,11,3,2,523,1,3,1,1,51,1,3,1
4,9,3,2,2406,1,2,2,3,31,2,2,1
4,23,3,3,1672,1,5,1,3,27,2,3,1
4,23,3,3,1350,1,4,2,2,19,2,3,1
4,5,3,1,2620,1,3,3,2,25,2,2,1
4,14,3,4,4098,1,2,3,4,44,2,3,1
4,38,1,1,1711,2,4,2,1,46,2,4,1
4,14,1,2,2312,1,2,1,4,28,2,3,1
2,15,1,NA,2631,2,2,3,3,28,1,2,0
1,11,3,4,1972,1,2,2,1,31,2,3,1
3,18,3,NA,7265,1,2,2,1,33,2,2,1
1,32,1,3,6431,1,4,1,1,30,3,4,1
4,18,1,3,415,3,5,3,1,64,2,2,1
1,18,3,3,4819,1,2,2,3,32,3,2,1
3,30,2,4,1908,1,4,3,1,66,2,1,0
2,13,1,4,835,1,1,3,1,31,2,2,1
4,23,1,NA,5383,1,3,1,1,23,2,3,1
2,6,3,1,3570,1,4,NA,3,40,2,3,1
4,21,1,2,2241,1,4,1,1,50,2,2,1
4,13,3,3,10992,2,4,1,1,25,2,3,1
4,23,2,3,2152,1,6,3,1,24,1,2,1
4,17,3,NA,372,1,4,1,1,32,2,2,1
2,18,1,NA,6260,1,5,2,1,28,1,2,1
1,19,1,4,1089,1,2,2,3,20,2,2,1
1,7,1,2,4528,1,3,1,4,21,2,2,1
1,10,1,4,3441,2,2,3,3,39,2,3,1
4,8,1,3,1331,1,3,2,2,33,2,4,1
4,20,3,3,399,3,2,3,3,38,2,4,1
2,12,1,3,407,3,3,1,3,35,2,2,1
2,36,1,NA,12389,3,1,3,4,37,3,3,0
4,10,3,3,314,1,3,1,3,35,2,3,1
2,7,3,3,2799,1,4,3,1,51,2,2,1
1,16,3,3,1616,2,5,1,2,47,2,4,1
4,11,4,1,1729,1,6,3,2,39,2,2,1
4,20,1,1,1082,2,4,2,1,20,2,2,1
1,4,3,3,7489,1,4,1,2,55,1,3,1
1,18,1,3,926,3,2,1,3,54,1,2,1
4,22,1,2,846,1,5,1,2,39,3,4,1
3,28,2,1,700,3,2,1,2,42,2,3,1
4,4,1,3,897,1,3,1,3,46,2,3,1
1,42,1,3,3965,1,5,2,3,34,2,NA,0
3,16,1,3,2841,2,6,1,3,22,2,3,1
4,24,1,2,3972,1,2,3,2,25,1,1,1
4,37,3,3,2511,1,1,3,4,26,2,3,1
4,20,1,3,2557,3,2,1,4,26,2,3,1
4,23,1,3,7905,3,3,3,3,29,1,3,1
3,10,1,NA,3949,1,1,1,2,37,2,2,1
1,18,1,1,2249,1,2,2,1,32,2,2,1
2,23,3,2,11243,3,2,1,2,19,2,2,1
3,5,2,NA,1299,3,3,3,4,59,2,3,1
2,31,3,1,1176,3,1,1,2,24,2,4,1
1,42,1,3,7174,3,5,2,3,30,2,3,0
4,22,2,2,446,1,2,1,3,61,1,3,1
1,36,2,NA,6887,1,6,2,2,29,2,4,0
1,13,3,3,6848,3,1,3,1,36,2,2,1
4,15,1,4,874,3,3,1,1,24,2,4,1
1,9,1,2,2136,1,3,1,1,25,2,3,1
2,19,1,1,1018,3,4,NA,2,32,2,2,1
2,9,1,4,5255,1,2,1,2,40,1,3,1
2,7,3,4,1714,1,4,2,4,34,2,3,1
3,30,3,3,3656,3,4,3,2,49,2,2,1
4,37,3,4,7325,3,2,3,2,25,2,4,1
1,36,4,1,4054,1,3,1,4,42,1,2,1
2,37,1,NA,2821,1,2,2,4,32,3,3,1
4,10,1,2,727,2,1,1,3,47,2,3,1
3,12,1,2,1474,1,6,1,2,33,2,4,1
1,18,3,2,1923,1,1,3,3,50,2,2,1
4,5,1,2,4929,3,4,3,3,37,3,4,1
2,19,1,3,4310,1,5,1,1,28,2,2,1
4,18,2,2,1808,1,6,1,1,22,2,2,0
1,6,1,3,3225,1,5,3,1,37,2,3,1
4,21,3,2,2288,1,4,3,2,23,2,2,1
4,36,2,3,4463,1,5,1,3,26,2,1,0
4,23,1,4,808,1,2,2,1,26,2,NA,1
2,6,1,NA,2230,1,2,1,3,26,3,3,1
4,20,2,NA,4453,1,3,1,3,35,2,3,1
4,12,1,3,707,1,4,1,1,30,2,2,1
3,42,1,1,6654,1,5,1,4,40,2,4,1
4,15,1,NA,3186,3,2,2,3,20,1,2,1
1,12,1,NA,1372,1,2,2,3,36,2,1,0
4,18,1,3,2193,3,1,3,1,36,1,3,1
4,38,3,3,1125,3,4,3,1,39,2,4,1
2,13,3,1,1040,1,2,3,3,47,2,3,1
4,24,1,3,1901,2,5,3,3,29,1,4,1
2,8,1,NA,2112,3,2,2,2,41,1,3,1
4,7,3,2,2932,1,2,3,1,31,2,3,1
4,15,1,1,740,1,2,1,1,28,2,2,1
2,12,3,NA,7275,1,1,3,3,19,2,3,1
2,24,1,4,490,NA,2,2,1,23,2,3,1
1,12,1,NA,1274,1,3,1,1,37,2,3,0
4,9,1,3,2281,1,3,2,4,24,2,2,1
4,13,3,1,3485,3,4,3,3,35,2,2,1
4,11,3,2,696,3,4,3,3,35,2,3,1
2,30,3,NA,5234,1,5,NA,3,28,2,4,0
2,17,2,3,2764,1,1,NA,3,32,1,4,1
1,12,2,3,2078,1,2,2,2,24,2,3,1
4,21,1,4,1572,3,3,3,1,36,2,3,1
3,34,1,NA,1258,1,2,3,4,49,2,3,1
4,60,3,NA,13756,3,2,3,4,63,3,3,1
4,4,1,2,6077,2,3,2,3,46,2,4,1
4,24,3,4,5507,1,3,3,4,44,3,3,1
2,15,4,NA,6850,2,1,1,2,34,2,NA,0
4,12,1,NA,588,2,3,3,1,25,2,4,1
1,12,1,2,1657,1,2,1,1,27,2,3,1
4,23,3,1,1486,1,1,1,1,28,2,2,1
4,15,3,3,1829,1,3,3,3,46,2,2,1
1,39,3,1,2746,1,5,1,2,36,2,3,1
4,10,3,1,1257,3,5,1,3,28,1,2,1
2,7,4,1,969,3,4,2,3,19,3,4,1
2,22,1,NA,773,3,3,3,2,28,2,3,1
1,27,1,2,4541,1,4,3,3,28,2,2,1
1,15,3,3,417,2,2,3,3,34,2,3,1
1,10,1,NA,4944,1,2,3,2,65,2,2,1
4,30,3,3,3077,3,5,1,3,40,2,2,1
2,13,3,1,2652,3,3,1,3,28,1,4,1
3,24,1,3,1377,2,3,1,4,47,3,4,1
2,24,2,3,1553,NA,3,1,2,23,1,2,1
1,12,1,3,727,2,5,2,4,33,2,2,0
2,18,3,3,1245,1,4,1,3,33,2,NA,0
2,6,3,1,339,1,5,2,2,32,2,2,1
3,9,1,3,1546,1,6,2,2,27,2,2,1
4,22,1,4,388,1,1,1,1,33,3,3,1
4,38,4,3,3047,1,1,3,3,22,3,3,1
2,36,4,3,3804,1,4,1,3,42,2,3,0
4,19,3,3,1386,1,5,1,1,47,3,4,1
1,48,3,2,2125,1,2,2,1,25,2,2,1
2,11,1,1,861,1,6,1,2,29,2,3,1
4,4,1,1,3455,3,2,1,2,28,2,2,1
4,6,3,1,2346,1,3,1,3,26,2,3,1
4,17,2,2,2297,1,2,1,2,30,2,4,1
4,13,1,1,739,1,4,2,3,19,2,3,1
1,44,3,NA,3513,3,2,1,1,30,2,3,1
2,34,2,3,3462,1,4,3,2,46,1,3,1
1,12,4,4,1108,1,4,2,1,28,2,NA,0
2,18,1,NA,1239,3,4,3,4,61,3,3,1
1,24,4,2,6872,1,2,1,2,55,2,1,0
4,23,1,3,8004,1,4,1,4,73,2,2,1
2,13,3,4,346,1,2,1,3,33,1,3,1
4,4,3,NA,1455,1,2,1,1,42,2,3,1
1,18,1,2,4153,1,2,2,3,42,2,2,0
4,6,4,NA,1204,NA,4,1,4,35,1,2,1
4,19,3,NA,793,3,1,1,3,30,2,3,1
4,24,1,NA,2255,3,4,1,2,54,2,4,1
4,18,1,3,2051,1,5,1,1,33,2,2,1
4,16,2,4,2157,1,5,3,3,26,2,3,1
4,15,3,3,981,1,3,2,2,39,2,2,1
2,15,1,1,340,3,1,3,4,49,1,4,1
1,30,4,2,4583,1,2,1,1,32,2,3,1
4,9,1,NA,1884,NA,2,1,2,38,2,2,1
4,8,4,4,2417,1,1,2,3,24,2,2,1
1,36,3,NA,8065,1,3,1,4,25,2,2,0
4,21,1,2,1304,1,4,3,3,30,2,2,1
4,13,3,NA,3047,1,3,3,1,55,2,3,1
2,6,1,4,12836,1,4,1,1,21,2,3,1
2,13,1,2,2426,1,1,3,3,28,2,3,1
2,21,1,4,2419,3,5,1,2,51,2,4,1
4,10,3,2,2069,3,2,1,3,26,2,2,1
2,22,1,2,1400,3,3,1,2,60,2,3,1
1,12,3,NA,3499,1,3,1,1,29,2,1,0
3,22,1,1,1415,1,3,1,1,40,2,4,1
2,48,1,3,3060,1,5,NA,1,28,2,1,0
1,17,1,3,1605,3,1,1,1,19,2,2,1
2,20,3,3,6036,1,4,2,3,42,2,3,1
2,16,3,1,604,1,1,2,3,36,1,3,1
2,45,3,1,4576,2,4,3,3,27,2,2,1
4,23,1,NA,525,1,3,3,1,27,2,4,1
1,45,4,1,1008,1,5,3,4,37,2,4,1
4,18,1,2,1981,3,1,1,4,33,2,2,1
2,40,1,3,785,1,3,3,1,64,2,3,1
4,13,1,1,2149,1,4,1,3,45,1,3,1
4,12,4,2,2759,1,2,3,2,34,2,2,1
4,15,1,3,444,3,3,3,1,30,2,2,1
4,21,3,4,1593,NA,2,3,1,34,2,4,1
1,24,2,NA,1333,1,6,1,1,43,3,NA,0
4,28,4,1,7824,3,3,3,1,40,1,3,1
1,24,1,2,4020,1,2,1,3,27,2,2,1
4,18,1,4,3825,1,2,3,3,45,1,2,1
4,9,3,NA,1396,1,5,1,3,38,2,3,1
1,13,3,3,1204,1,3,2,1,24,1,2,1
4,23,1,2,5553,1,2,3,2,26,2,2,1
4,6,2,3,932,1,3,1,1,24,2,3,1
1,12,3,3,1315,1,2,3,4,38,3,2,1
1,42,2,3,4370,1,3,1,2,26,2,3,0
3,17,1,NA,3736,3,5,1,1,44,2,2,1
2,12,3,2,1470,1,3,1,3,52,2,3,1
1,30,3,1,10623,1,3,3,4,38,3,3,1
2,12,3,2,3617,1,1,3,3,28,1,3,1
4,24,1,3,2397,2,3,1,3,35,2,4,0
1,29,3,4,2624,1,1,1,1,48,1,3,1
1,6,4,NA,1198,1,4,3,4,35,3,1,0
4,6,1,NA,3518,1,2,2,2,26,1,3,1
2,13,1,1,1580,1,5,1,3,21,3,3,1
2,9,3,3,1377,1,4,3,3,27,1,4,1
2,9,1,2,918,1,5,1,2,30,2,NA,0
3,17,1,3,905,2,4,3,3,20,2,4,1
4,24,1,4,4591,3,2,2,2,54,2,4,0
4,38,2,NA,530,NA,5,3,3,49,2,2,1
4,22,3,NA,287,3,5,1,2,40,2,2,1
1,36,1,NA,3249,1,2,3,4,39,3,3,1
4,18,1,4,2536,1,3,1,4,27,3,4,1
4,24,3,NA,1597,1,4,3,4,54,3,3,1
2,18,1,3,3390,1,3,1,2,36,3,2,1
2,18,2,4,6204,1,2,3,1,44,2,4,1
3,4,3,2,3987,2,1,2,4,36,1,NA,1
4,6,1,2,2678,1,2,1,3,49,2,3,1
1,20,1,2,723,3,4,3,2,24,2,3,1
4,38,1,4,9229,3,1,1,1,41,1,1,1
1,23,3,3,1336,3,1,1,1,40,2,4,1
1,13,1,1,9590,1,3,1,2,24,2,4,1
4,12,1,3,2382,1,4,1,3,39,1,3,1
2,16,3,2,3559,1,2,1,3,26,2,3,1
4,12,1,1,2473,2,5,3,1,52,2,2,1
4,7,1,4,2097,1,2,1,2,62,2,2,1
4,9,1,NA,739,3,4,1,1,30,2,3,1
3,24,1,3,5152,1,4,1,3,25,2,2,1
1,36,1,NA,2457,3,1,3,2,70,3,3,1
1,21,2,NA,3414,1,2,1,2,26,2,2,0
4,6,3,3,1898,3,1,1,1,34,2,3,1
1,13,1,NA,5098,NA,1,NA,2,39,2,1,1
4,19,1,4,1906,1,2,3,1,55,2,2,1
4,9,2,3,5761,1,2,1,1,37,2,3,1
4,20,2,2,2720,3,3,3,1,35,2,3,1
4,20,4,NA,3145,1,2,1,4,54,2,1,1
3,23,1,NA,2504,3,1,1,3,37,3,4,1
4,10,3,4,4169,1,3,3,1,27,2,3,1
2,15,1,3,1444,3,3,1,2,23,2,3,1
4,12,3,4,2360,3,4,3,1,29,2,4,1
4,6,3,3,1740,1,2,1,1,30,1,4,1
2,24,1,3,2039,1,1,1,2,22,2,3,0
2,21,1,2,3976,3,2,2,3,35,2,2,1
3,21,1,NA,2923,2,1,1,3,28,2,2,1
4,15,3,NA,1532,2,4,2,3,31,2,4,1
4,9,3,1,3025,3,4,1,1,20,1,3,1
1,26,4,NA,14713,1,3,2,1,28,2,3,1
3,17,1,2,3348,1,2,3,4,26,2,2,1
4,6,3,NA,362,2,2,3,3,52,2,3,1
4,7,1,4,2763,2,4,1,3,27,2,3,1
2,48,2,1,695,2,4,1,1,64,2,2,1
1,9,3,3,1555,1,2,3,3,28,3,3,1
4,6,1,NA,1538,1,1,1,4,56,2,4,1
4,16,1,3,2336,1,2,3,3,41,2,2,1
2,48,4,NA,12169,3,3,3,4,36,3,1,1
4,12,1,1,1390,2,2,3,3,23,2,3,1
1,24,1,2,1747,1,2,1,2,24,2,4,1
2,30,1,NA,562,1,5,1,3,26,2,3,1
2,10,3,1,3568,3,1,NA,3,21,3,2,1
1,24,4,2,3349,2,4,3,4,30,3,3,0
4,19,4,1,3738,1,2,1,1,39,2,2,1
2,36,2,4,9857,2,1,2,2,31,2,3,1
4,34,1,3,435,1,4,1,3,51,3,3,1
2,48,1,4,15672,1,2,1,3,23,2,3,0
2,10,1,3,1969,1,4,1,3,25,2,4,1
4,15,3,3,2938,3,5,1,1,47,2,2,1
1,36,1,2,3959,1,6,2,2,30,2,2,1
2,9,1,2,2177,3,3,3,3,27,2,4,1
1,12,1,NA,1200,3,5,3,2,23,1,4,1
2,16,3,3,1380,2,2,1,1,46,1,3,1
4,15,3,2,602,2,5,2,1,39,2,4,1
3,12,1,4,2154,3,2,2,1,64,2,2,1
2,36,1,NA,14318,1,6,1,4,57,3,NA,0
1,24,1,3,2439,1,4,3,1,35,2,4,0
2,25,3,NA,12503,1,1,1,4,30,2,3,1
2,5,3,1,1101,2,5,1,2,38,2,1,1
4,21,1,2,1306,3,4,3,3,23,2,4,1
4,34,3,1,1790,2,5,3,1,24,2,3,1
2,12,1,NA,888,1,4,3,3,41,2,2,0
4,17,4,4,1671,1,2,1,1,29,1,3,1
2,27,3,3,2520,2,5,1,2,23,2,3,0
4,4,2,4,258,1,3,1,3,27,2,2,1
2,40,3,4,3124,2,2,1,2,36,2,4,1
1,10,1,3,6600,3,2,1,2,70,2,1,1
1,11,1,4,2071,3,3,3,4,37,3,3,1
1,36,3,3,998,NA,3,2,1,25,1,3,1
2,46,1,3,1491,1,1,1,1,19,2,3,1
2,21,1,3,1821,1,3,1,4,37,3,3,1
1,20,1,NA,1832,1,4,NA,1,68,2,3,1
4,16,3,NA,9764,2,4,1,3,43,2,3,1
4,36,1,NA,1068,3,3,1,3,26,2,3,1
4,19,1,4,2954,3,2,3,3,31,2,3,1
2,12,3,NA,1995,NA,6,1,3,27,2,3,1
2,39,2,NA,11760,2,2,2,4,32,1,3,1
1,48,1,4,3051,1,3,3,3,54,2,2,0
2,30,4,4,4221,1,2,1,3,28,2,4,1
2,7,3,3,1107,1,4,2,2,31,3,3,1
4,13,1,4,4441,1,6,3,2,46,2,4,1
4,24,3,3,2872,2,5,3,1,36,2,2,1
2,11,4,3,1972,3,3,3,1,24,2,2,1
2,20,2,3,4166,1,3,2,3,28,1,4,1
4,6,3,1,607,2,3,3,3,36,2,4,1
4,10,3,2,892,1,6,3,3,31,2,3,1
1,11,1,2,5287,1,4,1,3,19,2,2,1
4,24,1,3,1413,1,2,1,2,28,2,3,1
2,20,1,3,1101,1,4,1,4,23,2,4,1
1,13,3,3,927,1,3,2,2,28,3,2,1
3,6,3,1,361,1,4,1,2,32,1,3,1
4,24,3,2,2028,1,2,1,2,30,2,3,1
3,18,1,NA,1961,1,3,1,3,23,2,2,1
1,16,3,1,3495,3,3,1,1,30,2,3,1
3,6,4,NA,2812,1,3,1,2,36,2,4,1
4,12,3,2,1592,3,5,1,2,35,2,4,1
2,8,1,3,4273,1,4,3,3,32,2,2,1
1,19,1,4,1408,1,4,3,1,20,1,1,1
2,22,3,3,2956,1,4,NA,2,56,2,3,1
4,7,1,NA,1351,3,5,1,2,24,3,3,1
4,11,3,NA,7228,1,1,3,2,39,2,3,1
2,27,4,4,8318,1,2,3,4,42,3,NA,0
2,17,3,1,2603,1,3,3,1,38,2,3,1
3,37,1,NA,985,1,2,2,4,19,2,3,1
4,5,1,1,3607,3,3,3,3,30,2,3,1
4,15,1,1,4077,1,2,2,3,24,1,3,1
2,12,2,3,721,2,4,3,1,68,2,2,1
4,12,1,2,2329,3,4,1,2,19,2,2,1
2,14,1,NA,565,3,2,1,3,37,2,2,1
2,18,1,2,1924,3,5,2,1,27,1,3,0
3,23,1,4,1731,1,4,2,3,30,1,1,1
3,49,1,NA,1563,1,2,2,1,29,2,3,1
4,23,3,3,842,3,3,1,3,36,1,3,1
3,20,3,4,501,1,2,2,4,19,3,4,1
2,20,1,3,2895,1,2,3,1,47,2,4,1
1,36,3,1,447,NA,2,3,4,19,1,3,1
4,36,3,3,3342,3,4,1,3,51,2,3,1
2,18,3,NA,6261,1,4,3,1,27,2,3,1
4,15,2,3,1934,3,4,1,2,25,2,3,1
2,24,2,4,6967,2,3,3,3,36,1,3,1
2,8,2,2,5027,3,1,3,2,38,2,3,1
4,13,2,4,4350,3,1,1,3,19,1,2,1
1,30,1,3,2522,1,1,NA,2,39,2,3,1
4,8,1,NA,6079,1,3,1,3,49,2,3,1
1,24,1,NA,1381,3,5,1,2,35,2,2,0
1,16,1,1,5281,1,4,2,3,44,2,2,1
4,24,1,2,1593,1,6,1,3,24,2,1,1
2,15,1,NA,4929,1,2,2,1,48,2,3,1
4,6,3,NA,1686,1,5,1,4,50,1,4,1
3,14,3,NA,4396,2,2,3,2,30,2,3,1
4,35,1,3,348,2,3,1,2,30,2,2,1
4,20,3,NA,5784,3,4,2,1,49,1,4,1
4,32,3,3,7617,1,3,3,1,32,3,3,1
4,36,1,2,10974,1,5,1,3,26,2,2,0
4,11,1,1,2815,1,2,3,3,54,2,1,1
4,4,4,4,5316,2,3,1,3,38,1,2,1
4,27,3,2,4526,3,5,1,1,32,2,4,1
2,8,1,2,2943,1,2,3,2,32,2,4,1
4,42,1,2,1104,1,2,3,3,48,2,2,1
4,23,1,NA,2228,3,2,3,1,23,2,3,1
3,16,1,3,909,2,4,1,4,27,1,2,1
4,10,3,2,2146,1,1,2,1,23,1,4,1
2,24,3,4,11938,1,2,2,3,39,2,1,0
4,12,3,3,717,1,3,3,1,52,2,2,1
2,22,3,4,4949,3,2,3,2,20,3,3,1
1,18,4,4,3104,1,4,1,2,31,2,4,1
4,15,1,1,3812,2,1,3,3,23,2,3,1
1,18,1,2,3650,1,1,3,3,22,1,3,1
4,4,1,4,1172,3,4,3,2,19,2,3,1
3,14,1,3,4493,3,2,3,3,22,2,3,1
1,15,4,3,4139,1,2,3,3,65,1,3,1
1,10,3,3,1735,3,3,1,3,22,1,2,1
4,8,3,1,1343,2,1,1,1,29,3,2,1
4,22,1,1,4233,1,2,3,3,63,2,1,1
2,23,1,NA,699,1,3,3,1,30,2,2,1
3,24,1,2,2892,1,3,3,4,51,3,3,1
2,16,3,3,1652,1,2,1,2,31,2,3,1
2,32,3,2,12772,1,3,1,4,29,1,2,1
4,7,3,2,8703,1,2,1,4,24,3,3,1
2,8,3,2,7673,1,2,3,4,35,2,3,1
4,12,3,NA,1255,1,5,3,1,61,2,2,1
4,13,3,NA,2722,2,1,1,3,22,2,3,1
1,18,2,NA,8471,3,1,1,3,23,1,1,1
1,11,1,1,2575,1,4,2,3,40,2,2,1
2,4,1,3,2753,1,1,1,1,21,2,2,1
3,23,1,3,2482,1,3,3,3,30,2,4,1
1,18,1,2,1131,1,5,1,3,33,2,4,0
2,24,3,3,1216,2,5,3,4,38,2,3,0
4,9,1,3,1478,1,5,1,3,22,2,1,0
4,45,3,2,764,1,4,NA,1,67,2,2,1
4,21,3,2,357,1,3,3,2,40,1,3,1
4,30,1,3,1867,3,3,3,3,58,2,4,1
2,44,1,3,3463,2,3,3,2,24,2,3,1
2,35,1,4,5783,3,4,2,3,29,2,3,1
4,22,3,4,2110,1,3,2,4,55,1,3,1
4,15,2,NA,1348,3,2,2,4,35,2,2,1
1,36,1,1,8229,1,2,1,2,26,2,1,0
4,14,1,3,7726,2,5,1,3,32,2,3,1
2,36,2,NA,7432,1,2,1,2,54,1,1,1
4,48,3,1,11590,2,2,3,3,24,1,3,0
4,27,3,2,2283,3,2,1,2,22,3,3,1
4,24,2,NA,2032,1,4,3,4,60,3,4,1
4,9,1,3,363,1,5,2,2,38,2,4,1
3,14,1,3,2007,1,3,1,2,31,1,4,1
4,4,1,3,266,1,5,3,3,53,2,4,1
1,13,2,4,543,1,3,NA,1,67,2,2,1
4,9,1,2,1313,1,1,3,3,20,2,4,1
1,37,3,3,1924,2,5,3,3,38,1,4,1
4,12,3,4,2292,1,5,1,3,42,2,1,0
4,8,3,4,2774,1,4,1,3,44,1,3,1
2,19,1,3,4377,1,1,1,2,33,2,3,1
4,17,1,4,11431,3,5,3,1,57,2,1,1
2,6,1,3,590,1,5,2,1,26,2,4,1
4,18,1,4,1950,1,5,1,3,34,2,1,1
4,45,1,2,421,3,1,3,1,39,2,1,1
4,48,3,1,2751,3,3,2,3,38,2,3,1
2,18,3,NA,2706,1,2,2,3,31,2,2,1
3,23,3,3,11968,3,2,3,1,28,2,2,1
3,13,3,3,1251,1,2,3,1,31,1,3,1
2,15,2,3,4484,3,3,1,3,43,2,3,1
4,10,1,NA,1418,2,5,1,1,35,1,3,1
1,48,4,2,7119,1,3,3,4,53,3,1,0
4,37,3,NA,466,3,2,3,3,58,3,NA,1
2,36,3,3,2337,1,5,3,1,36,2,4,1
2,10,1,NA,2703,1,2,3,3,37,2,4,1
4,12,3,3,497,3,4,1,3,66,2,4,1
4,11,4,NA,3198,1,2,1,3,20,2,3,1
2,38,1,NA,1647,1,5,1,2,43,2,2,1
4,21,3,3,1570,1,2,1,3,41,3,2,1
2,21,1,1,2001,2,5,3,3,39,1,4,1
2,48,4,4,3566,2,2,1,3,30,2,3,1
1,12,3,1,1409,1,2,2,1,54,2,3,1
4,33,1,NA,2363,1,3,2,1,21,2,2,1
2,18,1,3,2591,1,2,3,3,32,3,3,1
4,18,1,2,2642,1,4,3,2,22,2,2,1
4,19,1,4,2909,3,4,2,3,24,2,2,1
4,13,1,3,13404,2,5,1,1,26,2,4,1
4,21,1,1,2835,1,2,3,2,35,2,1,1
1,37,1,NA,6115,1,3,NA,3,56,2,3,1
4,23,4,3,831,2,2,1,1,52,2,2,1
4,11,1,NA,1040,1,2,1,1,38,2,2,1
1,18,3,NA,3966,1,1,3,1,33,1,2,0
4,13,2,4,6471,3,2,1,1,25,2,2,1
1,14,1,NA,631,1,5,1,1,38,2,3,1
1,23,2,2,3245,1,2,NA,3,30,2,3,1
2,36,1,NA,12612,2,1,3,4,47,3,3,0
1,24,4,4,3161,1,6,NA,2,31,1,NA,0
1,44,3,3,839,1,2,3,2,45,2,4,1
2,11,1,2,1542,3,2,3,1,30,2,2,1
4,9,3,NA,4006,1,1,2,4,33,2,3,1
4,9,3,4,1100,3,3,3,1,61,2,3,1
1,11,2,3,2367,3,2,1,4,41,2,3,1
1,15,4,NA,950,1,5,2,3,33,1,3,0
4,17,3,1,274,2,5,3,4,43,2,2,1
3,13,1,2,763,1,6,2,2,42,3,3,1
2,12,1,3,2588,3,1,3,3,45,2,4,1
2,9,1,2,576,1,3,NA,2,44,2,4,1
4,6,4,NA,783,3,1,1,1,26,2,4,1
4,17,4,2,2791,2,2,1,1,36,2,4,1
4,45,3,4,1729,3,6,2,3,31,1,3,1
2,60,1,NA,14027,1,5,1,4,27,2,1,0
2,5,3,3,2880,3,2,3,4,59,2,3,1
4,22,1,NA,2864,2,4,3,2,29,2,3,1
1,14,1,3,2065,3,5,2,3,21,2,2,1
4,24,1,1,3488,2,3,3,3,23,2,3,1
1,17,2,1,4410,1,6,1,3,31,3,3,1
1,18,4,NA,1442,1,6,3,4,32,3,2,0
4,35,3,2,1209,1,2,1,1,36,2,3,1
4,18,1,NA,2662,3,2,2,2,32,2,3,1
4,18,1,3,4594,1,3,1,3,32,2,1,1
4,20,4,1,15609,1,3,3,3,28,3,3,1
2,15,1,3,802,1,6,2,3,37,2,2,0
4,38,1,3,1917,3,3,1,4,26,1,3,1
4,6,1,1,2151,2,6,1,3,47,2,2,1
1,6,1,3,2647,2,2,2,1,44,1,4,1
4,15,1,3,1979,3,6,1,3,35,2,4,1
3,11,1,3,307,1,2,1,2,42,2,3,1
4,9,2,4,592,1,2,3,3,47,2,1,1
4,14,2,2,1224,3,6,3,3,30,2,2,1
1,17,1,NA,1185,3,3,1,2,62,2,3,1
2,24,1,NA,1355,1,3,3,3,25,2,2,0
2,23,1,3,286,1,2,2,4,56,2,4,1
3,14,3,3,849,3,2,3,3,27,1,3,1
2,15,1,4,1308,1,3,3,3,38,2,4,1
1,36,1,3,7037,3,2,3,2,51,2,3,1
1,6,3,NA,1361,1,2,3,1,40,2,2,1
4,14,3,2,7035,1,3,NA,4,25,2,2,1
4,30,3,3,4530,1,3,3,3,26,1,2,1
4,12,1,3,4238,1,3,1,3,37,2,3,1
4,24,1,3,1287,2,1,1,3,25,2,2,1
1,28,1,NA,4006,1,3,1,3,45,2,3,0
3,13,3,2,2816,1,2,NA,2,44,2,4,1
2,9,3,NA,1136,3,5,2,4,32,3,3,0
2,13,3,NA,794,3,4,1,3,41,2,3,1
2,8,1,3,760,1,4,1,1,44,2,4,1
4,30,1,2,5501,2,2,3,3,37,2,3,1
2,13,3,3,1627,1,2,NA,1,51,2,3,1
2,30,3,NA,2181,3,3,3,1,36,2,2,1
2,4,3,NA,4475,1,6,1,1,30,2,4,1
4,10,3,3,2682,3,4,3,4,19,2,4,1
1,18,3,2,2124,1,5,3,1,24,1,2,0
2,48,4,4,14421,1,2,1,3,25,2,1,0
4,14,3,NA,987,3,4,3,1,26,3,2,1
2,18,2,NA,2899,3,4,3,3,43,2,3,1
4,48,3,3,3578,3,5,1,1,47,2,4,1
2,18,1,3,1301,1,5,1,1,32,2,3,1
4,9,1,NA,5290,1,2,3,2,38,2,3,1
1,24,1,1,2910,1,2,1,4,34,3,2,1
3,11,1,NA,1545,1,3,3,2,36,2,3,1
2,9,2,NA,730,NA,4,3,1,54,2,3,1
4,22,1,1,1217,3,6,3,2,36,2,4,1
4,37,1,1,2135,NA,2,1,1,44,2,4,1
2,34,3,1,2082,2,3,1,3,37,2,3,1
4,18,1,NA,890,1,6,1,2,26,2,4,1
4,37,1,3,2696,3,2,3,1,19,3,3,1
2,18,3,2,1295,1,5,1,2,27,2,3,1
2,18,3,2,1928,1,2,1,1,31,2,1,0
4,38,1,NA,799,3,5,1,3,34,2,4,1
4,22,3,NA,2319,3,4,NA,4,58,2,3,1
2,9,3,NA,5290,3,1,3,1,66,2,3,1
2,27,1,3,8600,3,4,3,3,29,2,1,1
3,12,3,NA,1480,2,2,3,4,66,3,3,1
4,20,3,2,356,3,4,3,2,51,2,3,1
1,6,1,NA,1203,2,3,1,2,43,2,1,1
4,12,1,2,763,1,3,1,1,26,2,2,1
4,21,1,NA,7822,3,2,1,2,36,1,2,1
4,38,3,NA,1040,2,6,2,1,34,2,3,1
4,24,1,3,3235,2,3,1,3,26,2,4,1
4,21,3,2,4391,2,4,1,3,40,2,2,1
3,49,1,1,286,3,3,1,3,34,2,3,1
2,24,1,NA,1246,1,4,1,1,23,2,4,0
4,18,1,3,2360,1,1,1,1,51,3,3,1
3,12,3,2,6470,3,1,1,2,48,3,2,1
1,15,1,NA,3959,1,3,1,2,29,2,2,0
4,15,1,3,5629,1,2,3,1,19,2,4,1
4,6,1,1,1238,3,3,3,2,36,2,2,1
3,21,3,2,4005,NA,3,3,2,30,2,3,1
4,4,1,NA,1155,1,6,2,4,20,2,3,1
1,19,1,NA,3445,1,2,1,2,25,2,2,1
4,21,4,3,2726,NA,1,2,1,25,2,2,1
4,34,1,4,4347,1,4,3,2,42,1,4,1
4,19,1,1,1592,3,3,3,1,24,3,4,1
4,9,1,2,1388,1,4,1,1,26,1,3,1
3,13,2,NA,547,1,3,3,3,35,2,2,1
2,17,3,3,827,3,2,3,1,41,2,3,1
4,39,3,2,2645,1,6,3,4,57,2,3,1
4,6,1,NA,1907,3,2,3,3,28,2,4,1
2,19,3,NA,895,2,3,1,1,30,2,3,1
1,16,1,NA,7235,1,3,1,1,48,2,3,1
1,8,2,3,7965,1,2,3,2,20,2,4,1
4,6,3,4,3460,1,3,3,3,39,2,3,1
1,9,3,NA,2056,1,2,1,4,22,1,2,1
2,21,3,4,6503,3,6,1,1,28,1,4,1
4,36,3,1,11054,3,3,NA,3,30,2,4,1
4,17,3,1,2750,3,2,1,1,61,2,2,1
2,10,3,3,7656,1,1,3,3,40,2,3,1
4,10,3,3,1695,3,4,3,1,53,2,3,1
2,36,2,NA,2225,1,5,3,4,57,3,2,0
1,13,3,3,1869,1,2,1,3,31,2,4,1
4,16,2,4,3847,1,1,3,4,30,2,3,1
4,39,1,3,6590,1,1,2,1,71,2,3,1
4,11,3,4,3985,2,5,3,3,21,2,4,1
4,4,1,2,601,1,1,2,1,23,1,3,1
1,12,1,2,1282,1,2,3,3,20,1,1,0
4,16,3,3,2230,2,1,3,3,32,2,3,1
2,24,1,2,3069,2,4,3,4,30,3,3,1
2,10,3,NA,1166,1,3,3,1,38,3,4,1
3,13,4,NA,2385,1,4,3,2,21,3,4,1
2,15,3,4,1098,NA,5,1,2,43,2,3,1
1,9,3,3,1138,1,4,NA,1,25,2,4,1
1,4,4,3,624,3,1,1,2,37,1,1,1
4,13,1,NA,4109,1,4,1,4,23,2,3,1
2,49,4,4,346,2,2,2,3,21,2,4,1
4,12,1,2,1736,1,5,3,1,31,2,2,1
1,36,1,NA,1977,3,5,3,4,40,2,1,0
4,24,3,NA,2022,1,3,3,3,37,2,2,1
2,6,1,NA,1035,1,5,1,1,29,2,NA,1
2,11,1,3,896,1,2,1,2,26,3,4,1
2,9,4,1,2059,2,5,3,4,33,2,3,1
4,4,3,3,4365,1,2,3,2,40,3,2,1
4,6,1,3,2476,2,5,3,1,19,2,2,1
2,17,1,1,3918,1,2,1,1,32,2,3,1
4,20,3,3,2805,1,3,3,3,47,2,4,1
1,24,4,2,4110,1,3,3,4,23,1,3,0
2,7,1,NA,5213,1,2,1,1,24,2,3,1
4,11,3,1,1206,1,3,2,3,24,3,2,1
4,12,3,3,522,2,3,3,2,42,2,3,1
1,12,1,2,708,1,2,2,2,38,2,3,1
1,16,2,3,2704,1,4,3,3,46,2,4,1
4,18,3,3,1149,3,5,2,1,46,2,1,1
1,13,1,NA,2236,1,3,1,2,43,2,3,1
4,11,2,2,3844,1,3,1,1,21,2,3,1
4,20,3,4,1677,1,3,3,1,19,2,NA,1
1,40,3,NA,5998,1,4,2,4,27,2,4,0
3,42,4,4,6289,1,2,1,2,33,2,2,1
4,24,1,1,2670,1,5,3,3,35,2,3,1
4,6,4,3,1750,2,2,3,2,45,2,2,1
4,15,3,3,1360,1,3,NA,2,31,2,4,1
1,37,3,3,1763,1,6,1,4,25,2,3,1
4,20,2,1,2777,1,4,1,3,38,2,3,1
4,57,1,3,7415,3,2,3,2,27,2,2,1
3,11,4,2,1313,1,2,1,4,42,2,2,1
4,24,3,1,3579,1,3,1,2,52,1,3,1
3,7,3,3,1065,1,1,1,1,26,2,2,1
1,8,3,4,1164,1,3,3,4,51,3,3,1
1,15,1,2,1052,1,3,1,4,43,2,4,1
4,4,1,NA,3345,3,1,1,3,54,1,2,1
4,10,1,3,6382,3,5,3,3,23,2,4,1
4,9,3,NA,1244,3,3,3,2,41,1,3,1
2,12,3,NA,958,1,2,2,1,47,2,3,1
2,18,3,3,2111,1,1,3,3,21,1,4,1
1,18,1,2,2462,1,2,1,3,22,2,3,0
2,30,2,1,750,2,3,2,2,32,1,3,1
1,23,1,2,705,3,4,1,2,28,2,4,1
2,18,3,1,10043,1,4,1,2,33,2,2,1
4,48,1,4,4844,1,3,1,3,33,1,1,0
4,15,3,3,1316,2,2,1,2,47,2,2,1
4,6,2,3,5081,1,2,1,3,37,1,4,1
4,16,1,1,697,1,3,1,2,20,2,4,1
2,24,3,NA,3878,2,4,1,3,37,2,3,1
4,46,2,NA,2866,1,2,1,1,44,2,2,1
3,34,1,NA,3107,2,4,3,4,28,1,3,1
4,13,1,3,2708,2,5,1,1,24,2,4,1
4,15,1,4,2406,1,4,3,1,32,2,3,1
4,8,1,4,7579,1,2,3,2,37,1,4,1
2,18,3,2,7374,1,3,3,2,40,2,3,1
4,18,3,3,1582,3,3,3,3,46,2,2,1
2,30,1,2,3832,1,2,1,2,22,2,4,1
4,24,3,3,2611,1,4,2,1,46,2,3,1
1,21,4,NA,6928,1,5,3,4,32,1,4,1
4,47,4,1,9595,1,5,1,1,52,2,2,1
4,45,2,3,5274,2,3,3,2,30,2,3,1
3,9,4,3,1337,1,5,1,3,34,2,2,0
2,48,1,NA,6560,2,3,1,2,24,2,4,0
2,14,1,1,905,1,2,1,2,53,3,3,1
3,19,1,3,2263,3,2,1,3,21,3,3,1
4,21,2,4,2580,2,6,NA,1,41,2,3,0
4,14,1,NA,3017,1,3,1,1,70,3,3,1
4,24,3,1,2197,3,4,3,3,43,2,3,1
2,45,1,3,3031,2,6,3,2,21,1,2,0
3,12,1,3,1881,1,2,1,3,44,1,4,1
2,10,1,2,6938,3,3,3,1,20,2,2,1
1,19,1,NA,805,1,4,3,2,31,3,3,1
4,22,3,1,7228,2,4,3,2,19,2,2,1
4,11,3,NA,973,2,3,1,2,30,2,1,1
2,11,1,3,1212,1,2,1,3,27,2,3,1
4,20,3,2,3471,1,2,1,4,56,2,4,1
4,13,3,1,2404,2,1,3,3,22,2,4,1
4,16,1,3,2263,1,2,3,1,29,2,3,1
2,24,1,NA,3512,2,2,2,3,38,2,3,1
2,18,1,3,582,1,5,1,4,55,2,1,1
4,12,1,4,2708,1,3,1,4,52,2,4,1
2,6,1,3,2063,1,2,2,3,30,1,4,1
4,8,1,NA,1937,1,4,3,1,36,2,3,1
3,17,1,2,2299,1,4,1,1,32,2,4,1
4,18,1,NA,6761,3,2,3,3,68,1,2,0
4,21,2,NA,260,2,5,1,3,35,2,3,1
4,39,1,1,8588,2,3,1,3,45,2,3,1
2,31,2,1,1494,3,4,3,2,31,2,2,1
3,21,3,NA,2319,1,2,1,3,33,1,2,0
3,6,1,2,2116,1,2,1,1,41,2,2,1
2,21,1,1,5785,3,4,NA,4,32,2,3,1
4,27,1,NA,2570,1,3,2,1,21,1,1,0
4,19,1,NA,946,2,2,1,1,23,2,2,1
1,18,1,NA,2249,2,2,2,3,30,2,2,1
4,11,1,NA,6588,1,2,1,1,35,2,2,1
1,36,3,2,466,1,4,3,1,25,2,4,1
1,9,1,3,2751,2,5,1,3,37,3,2,1
2,23,1,NA,1898,3,3,3,1,28,1,3,1
4,12,1,3,1070,1,3,1,2,38,2,3,1
2,4,3,NA,6184,1,6,3,2,28,2,2,1
1,37,1,2,6377,1,5,3,2,30,1,2,1
4,20,1,NA,13952,1,2,2,4,30,2,4,1
2,5,1,2,1138,1,2,1,3,25,2,2,1
4,30,1,1,3827,1,4,2,2,36,3,2,1
4,17,1,NA,5233,1,5,3,3,53,2,2,1
4,24,3,NA,2463,2,5,2,2,27,2,3,1
4,15,1,2,1482,1,2,1,1,19,1,3,1
4,13,1,2,499,1,3,1,2,25,2,3,1
4,19,2,1,502,1,1,3,1,67,2,2,1
4,4,1,2,1634,1,4,3,1,55,2,2,1
2,43,1,1,1607,1,5,1,3,26,1,1,1
2,7,1,NA,1987,2,2,1,1,33,3,4,1
4,24,1,3,1311,2,3,2,2,26,2,2,1
4,14,1,NA,4258,2,4,1,4,33,2,4,1
4,8,3,1,2354,3,2,3,2,42,2,4,1
3,15,1,NA,392,1,6,3,2,23,1,2,1
2,6,1,3,4407,1,2,1,2,30,2,2,1
2,24,2,3,6403,1,1,1,3,33,2,4,1
1,16,1,3,2189,1,1,3,3,24,2,2,1
1,5,1,4,2997,3,5,2,3,31,2,3,1
4,27,2,1,8613,3,2,1,3,27,2,2,1
4,21,1,4,298,1,1,1,1,24,2,4,1
4,6,2,NA,2645,1,1,2,4,28,1,2,1
4,22,3,4,1529,1,1,3,1,63,2,4,1
4,15,1,2,793,2,4,3,2,25,2,4,1
4,12,1,1,2445,3,2,3,3,26,1,2,1
2,9,3,2,7778,1,2,1,2,50,2,3,1
2,4,1,4,574,2,3,3,3,42,2,4,1
4,19,3,4,669,1,3,3,3,56,2,4,1
4,48,3,3,2874,1,5,3,1,36,2,3,1
4,24,1,3,999,3,4,1,3,25,2,4,1
4,12,3,NA,2012,3,4,1,3,61,2,3,1
3,18,1,2,2864,1,2,1,1,34,2,3,0
4,4,1,3,881,1,4,3,3,20,2,2,1
4,17,3,2,4397,3,5,2,3,21,2,2,1
4,6,1,1,2210,1,3,3,3,27,1,4,1
4,12,3,3,4983,3,2,1,2,29,2,3,1
1,12,2,1,716,1,1,3,1,26,2,4,1
1,9,1,4,2298,3,2,2,2,25,2,4,1
2,12,3,NA,1640,1,5,1,3,37,2,3,1
1,13,3,2,922,2,2,1,3,26,2,4,1
1,24,2,3,1024,1,4,3,1,48,2,1,0
3,9,1,3,745,1,3,1,1,28,2,3,0
2,36,2,NA,8086,NA,2,3,3,42,2,1,0
4,23,3,3,1743,3,5,1,3,28,2,4,1
1,8,3,NA,3398,1,1,3,1,39,2,3,1
4,11,1,NA,2202,1,1,1,1,25,2,3,1
2,17,3,NA,3499,3,2,1,4,33,2,4,1
4,10,4,NA,2672,1,1,3,3,62,2,4,1
2,30,1,NA,2150,1,5,1,4,24,2,2,0
4,36,1,3,2394,3,4,3,3,25,2,4,1
2,21,3,3,306,1,5,2,1,55,2,1,1
1,24,1,NA,1207,1,5,3,2,24,1,2,0
2,35,3,3,1270,3,4,1,2,19,2,3,1
1,14,1,NA,3456,3,2,3,2,24,2,2,1
1,21,3,2,2961,2,1,NA,4,27,3,2,1
2,12,1,NA,2901,1,2,1,3,20,2,3,1
4,4,3,3,3010,1,1,1,3,70,1,3,1
1,24,1,NA,3123,1,6,1,2,27,2,3,0
4,17,1,1,7097,1,5,3,3,66,2,3,1
2,22,3,3,804,3,5,2,4,20,2,3,1
4,7,4,NA,585,3,2,1,2,35,1,1,1
2,24,3,4,1935,1,6,3,1,31,2,1,0
1,18,3,3,1451,1,3,3,4,42,2,2,1
2,9,3,4,1055,1,1,3,2,32,2,3,1
4,6,3,4,3451,2,2,1,3,40,2,3,1
2,8,1,2,1237,1,3,3,1,24,2,3,0
1,5,1,3,5602,1,5,3,3,46,2,3,1
4,48,1,3,10222,3,5,2,3,37,2,3,1
4,20,1,NA,6728,1,6,1,3,24,2,2,1
2,16,3,NA,2936,1,5,3,2,38,2,2,1
1,28,3,3,315,1,1,3,2,29,2,4,1
4,4,3,2,5333,1,3,1,1,28,2,2,1
3,17,1,3,1486,3,5,3,1,38,2,3,1
2,11,3,NA,290,3,5,3,2,39,2,2,1
1,19,3,3,8543,3,2,1,3,37,2,3,1
4,33,1,3,5887,3,3,1,1,25,2,3,1
1,12,1,2,1289,1,5,1,2,21,2,4,1
2,12,1,2,2091,1,2,1,4,24,2,4,1
2,5,1,NA,1808,3,3,1,3,34,2,2,1
1,48,3,1,6331,1,5,3,4,46,3,2,0
1,38,3,1,1122,3,3,1,4,42,3,3,1
2,12,3,3,10536,1,4,NA,4,24,2,2,1
1,9,1,4,565,3,2,2,3,25,3,2,1
4,24,1,NA,1525,3,3,2,3,34,2,4,1
1,10,3,4,678,1,5,2,2,38,1,4,1
1,14,3,1,1483,2,4,NA,2,39,2,3,1
1,11,4,1,877,1,1,2,1,22,1,3,1
4,47,1,1,435,2,3,2,3,29,2,3,1
3,10,3,3,5694,2,4,1,3,47,2,3,1
3,12,2,NA,2247,1,2,1,3,36,2,3,1
4,23,3,2,890,1,2,2,1,21,2,3,1
2,13,1,NA,926,3,3,NA,3,38,2,3,1
2,48,1,3,5951,1,2,1,1,22,2,2,0
4,58,1,4,3877,1,1,3,1,66,2,3,1
1,24,2,NA,4870,1,3,3,4,53,3,1,0
3,15,3,3,1271,3,3,3,4,39,3,1,0
4,20,1,4,5581,1,3,3,2,24,2,3,1
1,33,3,2,1810,NA,4,3,1,54,1,3,1
2,6,4,NA,433,3,5,1,2,24,1,2,0
4,58,1,NA,1231,3,2,3,2,56,2,4,1
4,6,1,NA,6541,1,3,3,3,30,2,3,1
2,13,4,NA,1577,1,4,1,2,32,2,2,1
4,8,2,2,820,3,3,1,3,25,2,4,1
1,5,2,3,4226,3,1,2,4,39,2,3,1
4,21,1,4,2469,1,1,3,2,27,2,3,1
1,17,3,3,1156,2,2,3,2,38,2,2,1
2,6,1,3,368,3,5,3,2,38,2,1,1
3,10,1,NA,1240,2,1,3,4,48,3,2,0
4,13,4,3,3662,1,4,1,3,26,2,1,1
4,22,3,4,3358,1,6,3,4,36,2,3,1
4,20,1,1,2768,3,4,3,3,29,2,2,1
1,8,2,2,1539,1,1,NA,3,37,1,3,1
4,8,3,NA,1269,1,1,1,1,44,3,3,1
1,21,1,3,1199,1,1,3,4,22,2,4,1
4,10,1,2,4430,1,4,3,2,28,1,2,1
1,48,4,1,4605,1,3,3,4,24,3,2,0
2,36,2,NA,2862,2,3,2,4,30,3,3,1
4,41,1,3,1256,1,6,1,3,32,2,3,1
4,31,3,NA,3370,1,3,3,3,29,3,2,1
4,16,1,3,1059,2,2,3,1,37,2,4,1
1,20,3,NA,878,1,2,1,3,27,2,2,1
1,24,1,2,2359,2,1,1,2,33,2,NA,0
4,10,1,1,1982,1,2,3,3,30,2,4,1
1,24,2,3,1659,1,5,1,3,29,1,2,0
4,36,3,NA,3535,1,4,3,3,37,2,3,1
2,7,1,4,3686,3,2,1,1,28,2,3,1
4,24,3,3,5103,1,3,2,4,47,3,1,1
4,21,3,2,2267,1,4,1,3,43,2,4,1
4,13,2,3,1159,1,3,1,1,42,1,3,1
3,11,4,2,4477,1,3,3,4,40,2,3,1
2,36,1,1,9398,1,1,3,3,28,1,2,0
4,23,1,NA,6644,1,4,3,1,31,2,NA,1
2,13,1,3,5372,1,2,1,2,53,2,2,1
2,9,3,2,1783,2,2,1,1,32,2,3,1
4,12,3,3,797,3,5,2,2,33,2,3,0
1,13,3,4,1507,2,5,2,3,36,1,4,1
1,48,1,4,4308,1,3,3,2,24,1,2,0
3,11,1,NA,7736,3,4,2,3,26,2,2,1
4,10,1,1,894,3,4,2,2,40,2,2,1
4,21,1,1,1627,1,3,1,3,45,2,4,1
4,37,1,3,8072,NA,4,3,2,26,2,3,1
4,12,4,1,3447,2,3,2,1,35,2,3,1
2,18,3,3,1795,1,3,3,1,48,1,3,1
4,24,2,NA,717,3,3,3,3,54,2,2,1
3,16,1,2,3934,1,4,1,3,33,2,4,1
1,21,1,NA,2454,1,3,1,3,25,2,3,1
2,16,3,2,705,2,2,1,4,32,3,4,1
3,6,3,NA,1299,1,1,1,1,74,2,2,1
